[INFO] 2025-07-09 03:32:30 UTC (2025-07-08 20:32:30 PT) - Starting nightly FINS trapping data download
[INFO] 2025-07-09 03:32:30 UTC (2025-07-08 20:32:30 PT) - API key found
[INFO] 2025-07-09 03:32:30 UTC (2025-07-08 20:32:30 PT) - Current PT time: 2025-07-08 20:32:30
[INFO] 2025-07-09 03:32:30 UTC (2025-07-08 20:32:30 PT) - Requesting ALL historical trapping data through 07/09/2025 for all of our FINS facilities
[INFO] 2025-07-09 03:33:14 UTC (2025-07-08 20:33:14 PT) - Downloaded 30891 rows of data
[INFO] 2025-07-09 03:33:14 UTC (2025-07-08 20:33:14 PT) - Columns: Finalize, Verify, Follow-Up, Trapped Date, Is Import, Facility, Trap, Trap Is Offsite, Trapping Session Name, Target Species, Target Run, Trapping Session Comments, Fish ID, Count, Species, Run, Sex, Origin, Origin Expression, Origin Description, Origin Start Date, Origin End Date, Origin Creator, Origin Creation Date, Living Status, Length, Age Designation, Age Calculated, Age Criteria Start Length, Age Criteria End Length, Age Criteria Start Date, Age Criteria End Date, Moved To Facility, Moved To, Moved To Location Type, Moved To Is Offsite, Offsite Owner Facility, Offsite Location Latitude, Offsite Location Longitude, Offsite Location Description, Disposition, Release Site, Release Site Latitude, Release Site Longitude, Purpose, Existing Marks, Existing Marks Quantity, Applied Marks, Applied Marks Quantity, Existing Tags, Applied Tags, Existing CWT, Existing CWT Value, Applied CWT, Applied CWT Value, Existing PIT, Applied PIT, Samples, Conditions, Recap, Injected, Weight, Notes, Group Notes, Import Custom
[INFO] 2025-07-09 03:33:14 UTC (2025-07-08 20:33:14 PT) - Successfully saved file: data/TrappingData.csv - Size: 17505281 bytes
[INFO] 2025-07-09 03:33:14 UTC (2025-07-08 20:33:14 PT) - Data summary:
[INFO] 2025-07-09 03:33:14 UTC (2025-07-08 20:33:14 PT) -   Date range: 03/13/2000 to 07/08/2025
[INFO] 2025-07-09 03:33:14 UTC (2025-07-08 20:33:14 PT) -   Total records: 30891
[INFO] 2025-07-09 03:33:14 UTC (2025-07-08 20:33:14 PT) - Download completed successfully
[INFO] 2025-07-10 03:06:34 UTC (2025-07-09 20:06:34 PT) - Starting nightly FINS trapping data download
[INFO] 2025-07-10 03:06:34 UTC (2025-07-09 20:06:34 PT) - API key found
[INFO] 2025-07-10 03:06:34 UTC (2025-07-09 20:06:34 PT) - Current PT time: 2025-07-09 20:06:34
[INFO] 2025-07-10 03:06:34 UTC (2025-07-09 20:06:34 PT) - Requesting ALL historical trapping data through 07/10/2025 for all of our FINS facilities
[INFO] 2025-07-10 03:07:21 UTC (2025-07-09 20:07:21 PT) - Downloaded 30984 rows of data
[INFO] 2025-07-10 03:07:21 UTC (2025-07-09 20:07:21 PT) - Columns: Finalize, Verify, Follow-Up, Trapped Date, Is Import, Facility, Trap, Trap Is Offsite, Trapping Session Name, Target Species, Target Run, Trapping Session Comments, Fish ID, Count, Species, Run, Sex, Origin, Origin Expression, Origin Description, Origin Start Date, Origin End Date, Origin Creator, Origin Creation Date, Living Status, Length, Age Designation, Age Calculated, Age Criteria Start Length, Age Criteria End Length, Age Criteria Start Date, Age Criteria End Date, Moved To Facility, Moved To, Moved To Location Type, Moved To Is Offsite, Offsite Owner Facility, Offsite Location Latitude, Offsite Location Longitude, Offsite Location Description, Disposition, Release Site, Release Site Latitude, Release Site Longitude, Purpose, Existing Marks, Existing Marks Quantity, Applied Marks, Applied Marks Quantity, Existing Tags, Applied Tags, Existing CWT, Existing CWT Value, Applied CWT, Applied CWT Value, Existing PIT, Applied PIT, Samples, Conditions, Recap, Injected, Weight, Notes, Group Notes, Import Custom
[INFO] 2025-07-10 03:07:22 UTC (2025-07-09 20:07:22 PT) - Successfully saved file: data/TrappingData.csv - Size: 17553862 bytes
[INFO] 2025-07-10 03:07:22 UTC (2025-07-09 20:07:22 PT) - Data summary:
[INFO] 2025-07-10 03:07:22 UTC (2025-07-09 20:07:22 PT) -   Date range: 03/13/2000 to 07/08/2025
[INFO] 2025-07-10 03:07:22 UTC (2025-07-09 20:07:22 PT) -   Total records: 30984
[INFO] 2025-07-10 03:07:22 UTC (2025-07-09 20:07:22 PT) - Download completed successfully
[INFO] 2025-07-11 03:12:26 UTC (2025-07-10 20:12:26 PT) - Starting nightly FINS trapping data download
[INFO] 2025-07-11 03:12:26 UTC (2025-07-10 20:12:26 PT) - API key found
[INFO] 2025-07-11 03:12:26 UTC (2025-07-10 20:12:26 PT) - Current PT time: 2025-07-10 20:12:26
[INFO] 2025-07-11 03:12:26 UTC (2025-07-10 20:12:26 PT) - Requesting ALL historical trapping data through 07/11/2025 for all of our FINS facilities
[INFO] 2025-07-11 03:13:12 UTC (2025-07-10 20:13:12 PT) - Downloaded 31069 rows of data
[INFO] 2025-07-11 03:13:12 UTC (2025-07-10 20:13:12 PT) - Columns: Finalize, Verify, Follow-Up, Trapped Date, Is Import, Facility, Trap, Trap Is Offsite, Trapping Session Name, Target Species, Target Run, Trapping Session Comments, Fish ID, Count, Species, Run, Sex, Origin, Origin Expression, Origin Description, Origin Start Date, Origin End Date, Origin Creator, Origin Creation Date, Living Status, Length, Age Designation, Age Calculated, Age Criteria Start Length, Age Criteria End Length, Age Criteria Start Date, Age Criteria End Date, Moved To Facility, Moved To, Moved To Location Type, Moved To Is Offsite, Offsite Owner Facility, Offsite Location Latitude, Offsite Location Longitude, Offsite Location Description, Disposition, Release Site, Release Site Latitude, Release Site Longitude, Purpose, Existing Marks, Existing Marks Quantity, Applied Marks, Applied Marks Quantity, Existing Tags, Applied Tags, Existing CWT, Existing CWT Value, Applied CWT, Applied CWT Value, Existing PIT, Applied PIT, Samples, Conditions, Recap, Injected, Weight, Notes, Group Notes, Import Custom
[INFO] 2025-07-11 03:13:12 UTC (2025-07-10 20:13:12 PT) - Successfully saved file: data/TrappingData.csv - Size: 17599261 bytes
[INFO] 2025-07-11 03:13:12 UTC (2025-07-10 20:13:12 PT) - Data summary:
[INFO] 2025-07-11 03:13:12 UTC (2025-07-10 20:13:12 PT) -   Date range: 03/13/2000 to 07/10/2025
[INFO] 2025-07-11 03:13:12 UTC (2025-07-10 20:13:12 PT) -   Total records: 31069
[INFO] 2025-07-11 03:13:12 UTC (2025-07-10 20:13:12 PT) - Download completed successfully
[INFO] 2025-07-12 03:10:32 UTC (2025-07-11 20:10:32 PT) - Starting nightly FINS trapping data download
[INFO] 2025-07-12 03:10:32 UTC (2025-07-11 20:10:32 PT) - API key found
[INFO] 2025-07-12 03:10:32 UTC (2025-07-11 20:10:32 PT) - Current PT time: 2025-07-11 20:10:32
[INFO] 2025-07-12 03:10:32 UTC (2025-07-11 20:10:32 PT) - Requesting ALL historical trapping data through 07/12/2025 for all of our FINS facilities
[INFO] 2025-07-12 03:11:14 UTC (2025-07-11 20:11:14 PT) - Downloaded 31069 rows of data
[INFO] 2025-07-12 03:11:14 UTC (2025-07-11 20:11:14 PT) - Columns: Finalize, Verify, Follow-Up, Trapped Date, Is Import, Facility, Trap, Trap Is Offsite, Trapping Session Name, Target Species, Target Run, Trapping Session Comments, Fish ID, Count, Species, Run, Sex, Origin, Origin Expression, Origin Description, Origin Start Date, Origin End Date, Origin Creator, Origin Creation Date, Living Status, Length, Age Designation, Age Calculated, Age Criteria Start Length, Age Criteria End Length, Age Criteria Start Date, Age Criteria End Date, Moved To Facility, Moved To, Moved To Location Type, Moved To Is Offsite, Offsite Owner Facility, Offsite Location Latitude, Offsite Location Longitude, Offsite Location Description, Disposition, Release Site, Release Site Latitude, Release Site Longitude, Purpose, Existing Marks, Existing Marks Quantity, Applied Marks, Applied Marks Quantity, Existing Tags, Applied Tags, Existing CWT, Existing CWT Value, Applied CWT, Applied CWT Value, Existing PIT, Applied PIT, Samples, Conditions, Recap, Injected, Weight, Notes, Group Notes, Import Custom
[INFO] 2025-07-12 03:11:14 UTC (2025-07-11 20:11:14 PT) - Successfully saved file: data/TrappingData.csv - Size: 17599261 bytes
[INFO] 2025-07-12 03:11:14 UTC (2025-07-11 20:11:14 PT) - Data summary:
[INFO] 2025-07-12 03:11:14 UTC (2025-07-11 20:11:14 PT) -   Date range: 03/13/2000 to 07/10/2025
[INFO] 2025-07-12 03:11:14 UTC (2025-07-11 20:11:14 PT) -   Total records: 31069
[INFO] 2025-07-12 03:11:14 UTC (2025-07-11 20:11:14 PT) - Download completed successfully
[INFO] 2025-07-13 03:18:10 UTC (2025-07-12 20:18:10 PT) - Starting nightly FINS trapping data download
[INFO] 2025-07-13 03:18:10 UTC (2025-07-12 20:18:10 PT) - API key found
[INFO] 2025-07-13 03:18:10 UTC (2025-07-12 20:18:10 PT) - Current PT time: 2025-07-12 20:18:10
[INFO] 2025-07-13 03:18:10 UTC (2025-07-12 20:18:10 PT) - Requesting ALL historical trapping data through 07/13/2025 for all of our FINS facilities
[INFO] 2025-07-13 03:18:49 UTC (2025-07-12 20:18:49 PT) - Downloaded 31069 rows of data
[INFO] 2025-07-13 03:18:49 UTC (2025-07-12 20:18:49 PT) - Columns: Finalize, Verify, Follow-Up, Trapped Date, Is Import, Facility, Trap, Trap Is Offsite, Trapping Session Name, Target Species, Target Run, Trapping Session Comments, Fish ID, Count, Species, Run, Sex, Origin, Origin Expression, Origin Description, Origin Start Date, Origin End Date, Origin Creator, Origin Creation Date, Living Status, Length, Age Designation, Age Calculated, Age Criteria Start Length, Age Criteria End Length, Age Criteria Start Date, Age Criteria End Date, Moved To Facility, Moved To, Moved To Location Type, Moved To Is Offsite, Offsite Owner Facility, Offsite Location Latitude, Offsite Location Longitude, Offsite Location Description, Disposition, Release Site, Release Site Latitude, Release Site Longitude, Purpose, Existing Marks, Existing Marks Quantity, Applied Marks, Applied Marks Quantity, Existing Tags, Applied Tags, Existing CWT, Existing CWT Value, Applied CWT, Applied CWT Value, Existing PIT, Applied PIT, Samples, Conditions, Recap, Injected, Weight, Notes, Group Notes, Import Custom
[INFO] 2025-07-13 03:18:49 UTC (2025-07-12 20:18:49 PT) - Successfully saved file: data/TrappingData.csv - Size: 17599261 bytes
[INFO] 2025-07-13 03:18:49 UTC (2025-07-12 20:18:49 PT) - Data summary:
[INFO] 2025-07-13 03:18:50 UTC (2025-07-12 20:18:50 PT) -   Date range: 03/13/2000 to 07/10/2025
[INFO] 2025-07-13 03:18:50 UTC (2025-07-12 20:18:50 PT) -   Total records: 31069
[INFO] 2025-07-13 03:18:50 UTC (2025-07-12 20:18:50 PT) - Download completed successfully
[INFO] 2025-07-14 03:17:49 UTC (2025-07-13 20:17:49 PT) - Starting nightly FINS trapping data download
[INFO] 2025-07-14 03:17:49 UTC (2025-07-13 20:17:49 PT) - API key found
[INFO] 2025-07-14 03:17:49 UTC (2025-07-13 20:17:49 PT) - Current PT time: 2025-07-13 20:17:49
[INFO] 2025-07-14 03:17:49 UTC (2025-07-13 20:17:49 PT) - Requesting ALL historical trapping data through 07/14/2025 for all of our FINS facilities
[INFO] 2025-07-14 03:18:31 UTC (2025-07-13 20:18:31 PT) - Downloaded 31192 rows of data
[INFO] 2025-07-14 03:18:31 UTC (2025-07-13 20:18:31 PT) - Columns: Finalize, Verify, Follow-Up, Trapped Date, Is Import, Facility, Trap, Trap Is Offsite, Trapping Session Name, Target Species, Target Run, Trapping Session Comments, Fish ID, Count, Species, Run, Sex, Origin, Origin Expression, Origin Description, Origin Start Date, Origin End Date, Origin Creator, Origin Creation Date, Living Status, Length, Age Designation, Age Calculated, Age Criteria Start Length, Age Criteria End Length, Age Criteria Start Date, Age Criteria End Date, Moved To Facility, Moved To, Moved To Location Type, Moved To Is Offsite, Offsite Owner Facility, Offsite Location Latitude, Offsite Location Longitude, Offsite Location Description, Disposition, Release Site, Release Site Latitude, Release Site Longitude, Purpose, Existing Marks, Existing Marks Quantity, Applied Marks, Applied Marks Quantity, Existing Tags, Applied Tags, Existing CWT, Existing CWT Value, Applied CWT, Applied CWT Value, Existing PIT, Applied PIT, Samples, Conditions, Recap, Injected, Weight, Notes, Group Notes, Import Custom
[INFO] 2025-07-14 03:18:31 UTC (2025-07-13 20:18:31 PT) - Successfully saved file: data/TrappingData.csv - Size: 17665618 bytes
[INFO] 2025-07-14 03:18:31 UTC (2025-07-13 20:18:31 PT) - Data summary:
[INFO] 2025-07-14 03:18:31 UTC (2025-07-13 20:18:31 PT) -   Date range: 03/13/2000 to 07/11/2025
[INFO] 2025-07-14 03:18:31 UTC (2025-07-13 20:18:31 PT) -   Total records: 31192
[INFO] 2025-07-14 03:18:31 UTC (2025-07-13 20:18:31 PT) - Download completed successfully
[INFO] 2025-07-15 03:14:56 UTC (2025-07-14 20:14:56 PT) - Starting nightly FINS trapping data download
[INFO] 2025-07-15 03:14:56 UTC (2025-07-14 20:14:56 PT) - API key found
[INFO] 2025-07-15 03:14:56 UTC (2025-07-14 20:14:56 PT) - Current PT time: 2025-07-14 20:14:56
[INFO] 2025-07-15 03:14:56 UTC (2025-07-14 20:14:56 PT) - Requesting ALL historical trapping data through 07/15/2025 for all of our FINS facilities
[INFO] 2025-07-15 03:15:40 UTC (2025-07-14 20:15:40 PT) - Downloaded 31192 rows of data
[INFO] 2025-07-15 03:15:40 UTC (2025-07-14 20:15:40 PT) - Columns: Finalize, Verify, Follow-Up, Trapped Date, Is Import, Facility, Trap, Trap Is Offsite, Trapping Session Name, Target Species, Target Run, Trapping Session Comments, Fish ID, Count, Species, Run, Sex, Origin, Origin Expression, Origin Description, Origin Start Date, Origin End Date, Origin Creator, Origin Creation Date, Living Status, Length, Age Designation, Age Calculated, Age Criteria Start Length, Age Criteria End Length, Age Criteria Start Date, Age Criteria End Date, Moved To Facility, Moved To, Moved To Location Type, Moved To Is Offsite, Offsite Owner Facility, Offsite Location Latitude, Offsite Location Longitude, Offsite Location Description, Disposition, Release Site, Release Site Latitude, Release Site Longitude, Purpose, Existing Marks, Existing Marks Quantity, Applied Marks, Applied Marks Quantity, Existing Tags, Applied Tags, Existing CWT, Existing CWT Value, Applied CWT, Applied CWT Value, Existing PIT, Applied PIT, Samples, Conditions, Recap, Injected, Weight, Notes, Group Notes, Import Custom
[INFO] 2025-07-15 03:15:40 UTC (2025-07-14 20:15:40 PT) - Successfully saved file: data/TrappingData.csv - Size: 17665618 bytes
[INFO] 2025-07-15 03:15:40 UTC (2025-07-14 20:15:40 PT) - Data summary:
[INFO] 2025-07-15 03:15:40 UTC (2025-07-14 20:15:40 PT) -   Date range: 03/13/2000 to 07/11/2025
[INFO] 2025-07-15 03:15:40 UTC (2025-07-14 20:15:40 PT) -   Total records: 31192
[INFO] 2025-07-15 03:15:40 UTC (2025-07-14 20:15:40 PT) - Download completed successfully
[INFO] 2025-07-16 03:12:55 UTC (2025-07-15 20:12:55 PT) - Starting nightly FINS trapping data download
[INFO] 2025-07-16 03:12:55 UTC (2025-07-15 20:12:55 PT) - API key found
[INFO] 2025-07-16 03:12:55 UTC (2025-07-15 20:12:55 PT) - Current PT time: 2025-07-15 20:12:55
[INFO] 2025-07-16 03:12:55 UTC (2025-07-15 20:12:55 PT) - Requesting ALL historical trapping data through 07/16/2025 for all of our FINS facilities
[INFO] 2025-07-16 03:13:37 UTC (2025-07-15 20:13:37 PT) - Downloaded 31404 rows of data
[INFO] 2025-07-16 03:13:37 UTC (2025-07-15 20:13:37 PT) - Columns: Finalize, Verify, Follow-Up, Trapped Date, Is Import, Facility, Trap, Trap Is Offsite, Trapping Session Name, Target Species, Target Run, Trapping Session Comments, Fish ID, Count, Species, Run, Sex, Origin, Origin Expression, Origin Description, Origin Start Date, Origin End Date, Origin Creator, Origin Creation Date, Living Status, Length, Age Designation, Age Calculated, Age Criteria Start Length, Age Criteria End Length, Age Criteria Start Date, Age Criteria End Date, Moved To Facility, Moved To, Moved To Location Type, Moved To Is Offsite, Offsite Owner Facility, Offsite Location Latitude, Offsite Location Longitude, Offsite Location Description, Disposition, Release Site, Release Site Latitude, Release Site Longitude, Purpose, Existing Marks, Existing Marks Quantity, Applied Marks, Applied Marks Quantity, Existing Tags, Applied Tags, Existing CWT, Existing CWT Value, Applied CWT, Applied CWT Value, Existing PIT, Applied PIT, Samples, Conditions, Recap, Injected, Weight, Notes, Group Notes, Import Custom
[INFO] 2025-07-16 03:13:37 UTC (2025-07-15 20:13:37 PT) - Successfully saved file: data/TrappingData.csv - Size: 18081097 bytes
[INFO] 2025-07-16 03:13:37 UTC (2025-07-15 20:13:37 PT) - Data summary:
[INFO] 2025-07-16 03:13:37 UTC (2025-07-15 20:13:37 PT) -   Date range: 03/13/2000 to 07/15/2025
[INFO] 2025-07-16 03:13:37 UTC (2025-07-15 20:13:37 PT) -   Total records: 31404
[INFO] 2025-07-16 03:13:37 UTC (2025-07-15 20:13:37 PT) - Download completed successfully
[INFO] 2025-07-17 03:11:45 UTC (2025-07-16 20:11:45 PT) - Starting nightly FINS trapping data download
[INFO] 2025-07-17 03:11:45 UTC (2025-07-16 20:11:45 PT) - API key found
[INFO] 2025-07-17 03:11:45 UTC (2025-07-16 20:11:45 PT) - Current PT time: 2025-07-16 20:11:45
[INFO] 2025-07-17 03:11:45 UTC (2025-07-16 20:11:45 PT) - Requesting ALL historical trapping data through 07/17/2025 for all of our FINS facilities
[INFO] 2025-07-17 03:12:27 UTC (2025-07-16 20:12:27 PT) - Downloaded 31499 rows of data
[INFO] 2025-07-17 03:12:27 UTC (2025-07-16 20:12:27 PT) - Columns: Finalize, Verify, Follow-Up, Trapped Date, Is Import, Facility, Trap, Trap Is Offsite, Trapping Session Name, Target Species, Target Run, Trapping Session Comments, Fish ID, Count, Species, Run, Sex, Origin, Origin Expression, Origin Description, Origin Start Date, Origin End Date, Origin Creator, Origin Creation Date, Living Status, Length, Age Designation, Age Calculated, Age Criteria Start Length, Age Criteria End Length, Age Criteria Start Date, Age Criteria End Date, Moved To Facility, Moved To, Moved To Location Type, Moved To Is Offsite, Offsite Owner Facility, Offsite Location Latitude, Offsite Location Longitude, Offsite Location Description, Disposition, Release Site, Release Site Latitude, Release Site Longitude, Purpose, Existing Marks, Existing Marks Quantity, Applied Marks, Applied Marks Quantity, Existing Tags, Applied Tags, Existing CWT, Existing CWT Value, Applied CWT, Applied CWT Value, Existing PIT, Applied PIT, Samples, Conditions, Recap, Injected, Weight, Notes, Group Notes, Import Custom
[INFO] 2025-07-17 03:12:27 UTC (2025-07-16 20:12:27 PT) - Successfully saved file: data/TrappingData.csv - Size: 18134947 bytes
[INFO] 2025-07-17 03:12:27 UTC (2025-07-16 20:12:27 PT) - Data summary:
[INFO] 2025-07-17 03:12:27 UTC (2025-07-16 20:12:27 PT) -   Date range: 03/13/2000 to 07/16/2025
[INFO] 2025-07-17 03:12:27 UTC (2025-07-16 20:12:27 PT) -   Total records: 31499
[INFO] 2025-07-17 03:12:27 UTC (2025-07-16 20:12:27 PT) - Download completed successfully
[INFO] 2025-07-18 03:15:22 UTC (2025-07-17 20:15:22 PT) - Starting nightly FINS trapping data download
[INFO] 2025-07-18 03:15:22 UTC (2025-07-17 20:15:22 PT) - API key found
[INFO] 2025-07-18 03:15:22 UTC (2025-07-17 20:15:22 PT) - Current PT time: 2025-07-17 20:15:22
[INFO] 2025-07-18 03:15:22 UTC (2025-07-17 20:15:22 PT) - Requesting ALL historical trapping data through 07/18/2025 for all of our FINS facilities
[INFO] 2025-07-18 03:16:24 UTC (2025-07-17 20:16:24 PT) - Downloaded 31502 rows of data
[INFO] 2025-07-18 03:16:24 UTC (2025-07-17 20:16:24 PT) - Columns: Finalize, Verify, Follow-Up, Trapped Date, Is Import, Facility, Trap, Trap Is Offsite, Trapping Session Name, Target Species, Target Run, Trapping Session Comments, Fish ID, Count, Species, Run, Sex, Origin, Origin Expression, Origin Description, Origin Start Date, Origin End Date, Origin Creator, Origin Creation Date, Living Status, Length, Age Designation, Age Calculated, Age Criteria Start Length, Age Criteria End Length, Age Criteria Start Date, Age Criteria End Date, Moved To Facility, Moved To, Moved To Location Type, Moved To Is Offsite, Offsite Owner Facility, Offsite Location Latitude, Offsite Location Longitude, Offsite Location Description, Disposition, Release Site, Release Site Latitude, Release Site Longitude, Purpose, Existing Marks, Existing Marks Quantity, Applied Marks, Applied Marks Quantity, Existing Tags, Applied Tags, Existing CWT, Existing CWT Value, Applied CWT, Applied CWT Value, Existing PIT, Applied PIT, Samples, Conditions, Recap, Injected, Weight, Notes, Group Notes, Import Custom
[INFO] 2025-07-18 03:16:24 UTC (2025-07-17 20:16:24 PT) - Successfully saved file: data/TrappingData.csv - Size: 18136589 bytes
[INFO] 2025-07-18 03:16:24 UTC (2025-07-17 20:16:24 PT) - Data summary:
[INFO] 2025-07-18 03:16:24 UTC (2025-07-17 20:16:24 PT) -   Date range: 03/13/2000 to 07/17/2025
[INFO] 2025-07-18 03:16:24 UTC (2025-07-17 20:16:24 PT) -   Total records: 31502
[INFO] 2025-07-18 03:16:24 UTC (2025-07-17 20:16:24 PT) - Download completed successfully
[INFO] 2025-07-19 03:07:08 UTC (2025-07-18 20:07:08 PT) - Starting nightly FINS trapping data download
[INFO] 2025-07-19 03:07:08 UTC (2025-07-18 20:07:08 PT) - API key found
[INFO] 2025-07-19 03:07:08 UTC (2025-07-18 20:07:08 PT) - Current PT time: 2025-07-18 20:07:08
[INFO] 2025-07-19 03:07:08 UTC (2025-07-18 20:07:08 PT) - Requesting ALL historical trapping data through 07/19/2025 for all of our FINS facilities
[INFO] 2025-07-19 03:07:56 UTC (2025-07-18 20:07:56 PT) - Downloaded 31570 rows of data
[INFO] 2025-07-19 03:07:56 UTC (2025-07-18 20:07:56 PT) - Columns: Finalize, Verify, Follow-Up, Trapped Date, Is Import, Facility, Trap, Trap Is Offsite, Trapping Session Name, Target Species, Target Run, Trapping Session Comments, Fish ID, Count, Species, Run, Sex, Origin, Origin Expression, Origin Description, Origin Start Date, Origin End Date, Origin Creator, Origin Creation Date, Living Status, Length, Age Designation, Age Calculated, Age Criteria Start Length, Age Criteria End Length, Age Criteria Start Date, Age Criteria End Date, Moved To Facility, Moved To, Moved To Location Type, Moved To Is Offsite, Offsite Owner Facility, Offsite Location Latitude, Offsite Location Longitude, Offsite Location Description, Disposition, Release Site, Release Site Latitude, Release Site Longitude, Purpose, Existing Marks, Existing Marks Quantity, Applied Marks, Applied Marks Quantity, Existing Tags, Applied Tags, Existing CWT, Existing CWT Value, Applied CWT, Applied CWT Value, Existing PIT, Applied PIT, Samples, Conditions, Recap, Injected, Weight, Notes, Group Notes, Import Custom
[INFO] 2025-07-19 03:07:56 UTC (2025-07-18 20:07:56 PT) - Successfully saved file: data/TrappingData.csv - Size: 18173834 bytes
[INFO] 2025-07-19 03:07:56 UTC (2025-07-18 20:07:56 PT) - Data summary:
[INFO] 2025-07-19 03:07:56 UTC (2025-07-18 20:07:56 PT) -   Date range: 03/13/2000 to 07/17/2025
[INFO] 2025-07-19 03:07:56 UTC (2025-07-18 20:07:56 PT) -   Total records: 31570
[INFO] 2025-07-19 03:07:56 UTC (2025-07-18 20:07:56 PT) - Download completed successfully
[INFO] 2025-07-20 03:21:09 UTC (2025-07-19 20:21:09 PT) - Starting nightly FINS trapping data download
[INFO] 2025-07-20 03:21:09 UTC (2025-07-19 20:21:09 PT) - API key found
[INFO] 2025-07-20 03:21:09 UTC (2025-07-19 20:21:09 PT) - Current PT time: 2025-07-19 20:21:09
[INFO] 2025-07-20 03:21:09 UTC (2025-07-19 20:21:09 PT) - Requesting ALL historical trapping data through 07/20/2025 for all of our FINS facilities
[INFO] 2025-07-20 03:21:52 UTC (2025-07-19 20:21:52 PT) - Downloaded 31622 rows of data
[INFO] 2025-07-20 03:21:52 UTC (2025-07-19 20:21:52 PT) - Columns: Finalize, Verify, Follow-Up, Trapped Date, Is Import, Facility, Trap, Trap Is Offsite, Trapping Session Name, Target Species, Target Run, Trapping Session Comments, Fish ID, Count, Species, Run, Sex, Origin, Origin Expression, Origin Description, Origin Start Date, Origin End Date, Origin Creator, Origin Creation Date, Living Status, Length, Age Designation, Age Calculated, Age Criteria Start Length, Age Criteria End Length, Age Criteria Start Date, Age Criteria End Date, Moved To Facility, Moved To, Moved To Location Type, Moved To Is Offsite, Offsite Owner Facility, Offsite Location Latitude, Offsite Location Longitude, Offsite Location Description, Disposition, Release Site, Release Site Latitude, Release Site Longitude, Purpose, Existing Marks, Existing Marks Quantity, Applied Marks, Applied Marks Quantity, Existing Tags, Applied Tags, Existing CWT, Existing CWT Value, Applied CWT, Applied CWT Value, Existing PIT, Applied PIT, Samples, Conditions, Recap, Injected, Weight, Notes, Group Notes, Import Custom
[INFO] 2025-07-20 03:21:52 UTC (2025-07-19 20:21:52 PT) - Successfully saved file: data/TrappingData.csv - Size: 18200846 bytes
[INFO] 2025-07-20 03:21:52 UTC (2025-07-19 20:21:52 PT) - Data summary:
[INFO] 2025-07-20 03:21:52 UTC (2025-07-19 20:21:52 PT) -   Date range: 03/13/2000 to 07/17/2025
[INFO] 2025-07-20 03:21:52 UTC (2025-07-19 20:21:52 PT) -   Total records: 31622
[INFO] 2025-07-20 03:21:52 UTC (2025-07-19 20:21:52 PT) - Download completed successfully
[INFO] 2025-07-21 03:20:22 UTC (2025-07-20 20:20:22 PT) - Starting nightly FINS trapping data download
[INFO] 2025-07-21 03:20:22 UTC (2025-07-20 20:20:22 PT) - API key found
[INFO] 2025-07-21 03:20:22 UTC (2025-07-20 20:20:22 PT) - Current PT time: 2025-07-20 20:20:22
[INFO] 2025-07-21 03:20:22 UTC (2025-07-20 20:20:22 PT) - Requesting ALL historical trapping data through 07/21/2025 for all of our FINS facilities
[INFO] 2025-07-21 03:21:08 UTC (2025-07-20 20:21:08 PT) - Downloaded 31675 rows of data
[INFO] 2025-07-21 03:21:08 UTC (2025-07-20 20:21:08 PT) - Columns: Finalize, Verify, Follow-Up, Trapped Date, Is Import, Facility, Trap, Trap Is Offsite, Trapping Session Name, Target Species, Target Run, Trapping Session Comments, Fish ID, Count, Species, Run, Sex, Origin, Origin Expression, Origin Description, Origin Start Date, Origin End Date, Origin Creator, Origin Creation Date, Living Status, Length, Age Designation, Age Calculated, Age Criteria Start Length, Age Criteria End Length, Age Criteria Start Date, Age Criteria End Date, Moved To Facility, Moved To, Moved To Location Type, Moved To Is Offsite, Offsite Owner Facility, Offsite Location Latitude, Offsite Location Longitude, Offsite Location Description, Disposition, Release Site, Release Site Latitude, Release Site Longitude, Purpose, Existing Marks, Existing Marks Quantity, Applied Marks, Applied Marks Quantity, Existing Tags, Applied Tags, Existing CWT, Existing CWT Value, Applied CWT, Applied CWT Value, Existing PIT, Applied PIT, Samples, Conditions, Recap, Injected, Weight, Notes, Group Notes, Import Custom
[INFO] 2025-07-21 03:21:08 UTC (2025-07-20 20:21:08 PT) - Successfully saved file: data/TrappingData.csv - Size: 18229647 bytes
[INFO] 2025-07-21 03:21:08 UTC (2025-07-20 20:21:08 PT) - Data summary:
[INFO] 2025-07-21 03:21:08 UTC (2025-07-20 20:21:08 PT) -   Date range: 03/13/2000 to 07/18/2025
[INFO] 2025-07-21 03:21:08 UTC (2025-07-20 20:21:08 PT) -   Total records: 31675
[INFO] 2025-07-21 03:21:08 UTC (2025-07-20 20:21:08 PT) - Download completed successfully
[INFO] 2025-07-22 03:13:24 UTC (2025-07-21 20:13:24 PT) - Starting nightly FINS trapping data download
[INFO] 2025-07-22 03:13:24 UTC (2025-07-21 20:13:24 PT) - API key found
[INFO] 2025-07-22 03:13:24 UTC (2025-07-21 20:13:24 PT) - Current PT time: 2025-07-21 20:13:24
[INFO] 2025-07-22 03:13:24 UTC (2025-07-21 20:13:24 PT) - Requesting ALL historical trapping data through 07/22/2025 for all of our FINS facilities
[INFO] 2025-07-22 03:14:11 UTC (2025-07-21 20:14:11 PT) - Downloaded 31675 rows of data
[INFO] 2025-07-22 03:14:11 UTC (2025-07-21 20:14:11 PT) - Columns: Finalize, Verify, Follow-Up, Trapped Date, Is Import, Facility, Trap, Trap Is Offsite, Trapping Session Name, Target Species, Target Run, Trapping Session Comments, Fish ID, Count, Species, Run, Sex, Origin, Origin Expression, Origin Description, Origin Start Date, Origin End Date, Origin Creator, Origin Creation Date, Living Status, Length, Age Designation, Age Calculated, Age Criteria Start Length, Age Criteria End Length, Age Criteria Start Date, Age Criteria End Date, Moved To Facility, Moved To, Moved To Location Type, Moved To Is Offsite, Offsite Owner Facility, Offsite Location Latitude, Offsite Location Longitude, Offsite Location Description, Disposition, Release Site, Release Site Latitude, Release Site Longitude, Purpose, Existing Marks, Existing Marks Quantity, Applied Marks, Applied Marks Quantity, Existing Tags, Applied Tags, Existing CWT, Existing CWT Value, Applied CWT, Applied CWT Value, Existing PIT, Applied PIT, Samples, Conditions, Recap, Injected, Weight, Notes, Group Notes, Import Custom
[INFO] 2025-07-22 03:14:11 UTC (2025-07-21 20:14:11 PT) - Successfully saved file: data/TrappingData.csv - Size: 18229647 bytes
[INFO] 2025-07-22 03:14:11 UTC (2025-07-21 20:14:11 PT) - Data summary:
[INFO] 2025-07-22 03:14:11 UTC (2025-07-21 20:14:11 PT) -   Date range: 03/13/2000 to 07/18/2025
[INFO] 2025-07-22 03:14:11 UTC (2025-07-21 20:14:11 PT) -   Total records: 31675
[INFO] 2025-07-22 03:14:11 UTC (2025-07-21 20:14:11 PT) - Download completed successfully
[INFO] 2025-07-23 03:15:16 UTC (2025-07-22 20:15:16 PT) - Starting nightly FINS trapping data download
[INFO] 2025-07-23 03:15:16 UTC (2025-07-22 20:15:16 PT) - API key found
[INFO] 2025-07-23 03:15:16 UTC (2025-07-22 20:15:16 PT) - Current PT time: 2025-07-22 20:15:16
[INFO] 2025-07-23 03:15:16 UTC (2025-07-22 20:15:16 PT) - Requesting ALL historical trapping data through 07/23/2025 for all of our FINS facilities
[INFO] 2025-07-23 03:16:02 UTC (2025-07-22 20:16:02 PT) - Downloaded 31745 rows of data
[INFO] 2025-07-23 03:16:02 UTC (2025-07-22 20:16:02 PT) - Columns: Finalize, Verify, Follow-Up, Trapped Date, Is Import, Facility, Trap, Trap Is Offsite, Trapping Session Name, Target Species, Target Run, Trapping Session Comments, Fish ID, Count, Species, Run, Sex, Origin, Origin Expression, Origin Description, Origin Start Date, Origin End Date, Origin Creator, Origin Creation Date, Living Status, Length, Age Designation, Age Calculated, Age Criteria Start Length, Age Criteria End Length, Age Criteria Start Date, Age Criteria End Date, Moved To Facility, Moved To, Moved To Location Type, Moved To Is Offsite, Offsite Owner Facility, Offsite Location Latitude, Offsite Location Longitude, Offsite Location Description, Disposition, Release Site, Release Site Latitude, Release Site Longitude, Purpose, Existing Marks, Existing Marks Quantity, Applied Marks, Applied Marks Quantity, Existing Tags, Applied Tags, Existing CWT, Existing CWT Value, Applied CWT, Applied CWT Value, Existing PIT, Applied PIT, Samples, Conditions, Recap, Injected, Weight, Notes, Group Notes, Import Custom
[INFO] 2025-07-23 03:16:02 UTC (2025-07-22 20:16:02 PT) - Successfully saved file: data/TrappingData.csv - Size: 18292874 bytes
[INFO] 2025-07-23 03:16:02 UTC (2025-07-22 20:16:02 PT) - Data summary:
[INFO] 2025-07-23 03:16:02 UTC (2025-07-22 20:16:02 PT) -   Date range: 03/13/2000 to 07/21/2025
[INFO] 2025-07-23 03:16:02 UTC (2025-07-22 20:16:02 PT) -   Total records: 31745
[INFO] 2025-07-23 03:16:02 UTC (2025-07-22 20:16:02 PT) - Download completed successfully
[INFO] 2025-07-24 03:13:20 UTC (2025-07-23 20:13:20 PT) - Starting nightly FINS trapping data download
[INFO] 2025-07-24 03:13:20 UTC (2025-07-23 20:13:20 PT) - API key found
[INFO] 2025-07-24 03:13:20 UTC (2025-07-23 20:13:20 PT) - Current PT time: 2025-07-23 20:13:20
[INFO] 2025-07-24 03:13:20 UTC (2025-07-23 20:13:20 PT) - Requesting ALL historical trapping data through 07/24/2025 for all of our FINS facilities
[INFO] 2025-07-24 03:14:05 UTC (2025-07-23 20:14:05 PT) - Downloaded 31748 rows of data
[INFO] 2025-07-24 03:14:05 UTC (2025-07-23 20:14:05 PT) - Columns: Finalize, Verify, Follow-Up, Trapped Date, Is Import, Facility, Trap, Trap Is Offsite, Trapping Session Name, Target Species, Target Run, Trapping Session Comments, Fish ID, Count, Species, Run, Sex, Origin, Origin Expression, Origin Description, Origin Start Date, Origin End Date, Origin Creator, Origin Creation Date, Living Status, Length, Age Designation, Age Calculated, Age Criteria Start Length, Age Criteria End Length, Age Criteria Start Date, Age Criteria End Date, Moved To Facility, Moved To, Moved To Location Type, Moved To Is Offsite, Offsite Owner Facility, Offsite Location Latitude, Offsite Location Longitude, Offsite Location Description, Disposition, Release Site, Release Site Latitude, Release Site Longitude, Purpose, Existing Marks, Existing Marks Quantity, Applied Marks, Applied Marks Quantity, Existing Tags, Applied Tags, Existing CWT, Existing CWT Value, Applied CWT, Applied CWT Value, Existing PIT, Applied PIT, Samples, Conditions, Recap, Injected, Weight, Notes, Group Notes, Import Custom
[INFO] 2025-07-24 03:14:05 UTC (2025-07-23 20:14:05 PT) - Successfully saved file: data/TrappingData.csv - Size: 18297238 bytes
[INFO] 2025-07-24 03:14:05 UTC (2025-07-23 20:14:05 PT) - Data summary:
[INFO] 2025-07-24 03:14:06 UTC (2025-07-23 20:14:06 PT) -   Date range: 03/13/2000 to 07/23/2025
[INFO] 2025-07-24 03:14:06 UTC (2025-07-23 20:14:06 PT) -   Total records: 31748
[INFO] 2025-07-24 03:14:06 UTC (2025-07-23 20:14:06 PT) - Download completed successfully
[INFO] 2025-07-25 03:14:19 UTC (2025-07-24 20:14:19 PT) - Starting nightly FINS trapping data download
[INFO] 2025-07-25 03:14:19 UTC (2025-07-24 20:14:19 PT) - API key found
[INFO] 2025-07-25 03:14:19 UTC (2025-07-24 20:14:19 PT) - Current PT time: 2025-07-24 20:14:19
[INFO] 2025-07-25 03:14:19 UTC (2025-07-24 20:14:19 PT) - Requesting ALL historical trapping data through 07/25/2025 for all of our FINS facilities
[INFO] 2025-07-25 03:15:03 UTC (2025-07-24 20:15:03 PT) - Downloaded 31748 rows of data
[INFO] 2025-07-25 03:15:03 UTC (2025-07-24 20:15:03 PT) - Columns: Finalize, Verify, Follow-Up, Trapped Date, Is Import, Facility, Trap, Trap Is Offsite, Trapping Session Name, Target Species, Target Run, Trapping Session Comments, Fish ID, Count, Species, Run, Sex, Origin, Origin Expression, Origin Description, Origin Start Date, Origin End Date, Origin Creator, Origin Creation Date, Living Status, Length, Age Designation, Age Calculated, Age Criteria Start Length, Age Criteria End Length, Age Criteria Start Date, Age Criteria End Date, Moved To Facility, Moved To, Moved To Location Type, Moved To Is Offsite, Offsite Owner Facility, Offsite Location Latitude, Offsite Location Longitude, Offsite Location Description, Disposition, Release Site, Release Site Latitude, Release Site Longitude, Purpose, Existing Marks, Existing Marks Quantity, Applied Marks, Applied Marks Quantity, Existing Tags, Applied Tags, Existing CWT, Existing CWT Value, Applied CWT, Applied CWT Value, Existing PIT, Applied PIT, Samples, Conditions, Recap, Injected, Weight, Notes, Group Notes, Import Custom
[INFO] 2025-07-25 03:15:03 UTC (2025-07-24 20:15:03 PT) - Successfully saved file: data/TrappingData.csv - Size: 18297238 bytes
[INFO] 2025-07-25 03:15:03 UTC (2025-07-24 20:15:03 PT) - Data summary:
[INFO] 2025-07-25 03:15:03 UTC (2025-07-24 20:15:03 PT) -   Date range: 03/13/2000 to 07/23/2025
[INFO] 2025-07-25 03:15:03 UTC (2025-07-24 20:15:03 PT) -   Total records: 31748
[INFO] 2025-07-25 03:15:03 UTC (2025-07-24 20:15:03 PT) - Download completed successfully
[INFO] 2025-07-26 03:09:10 UTC (2025-07-25 20:09:10 PT) - Starting nightly FINS trapping data download
[INFO] 2025-07-26 03:09:10 UTC (2025-07-25 20:09:10 PT) - API key found
[INFO] 2025-07-26 03:09:10 UTC (2025-07-25 20:09:10 PT) - Current PT time: 2025-07-25 20:09:10
[INFO] 2025-07-26 03:09:10 UTC (2025-07-25 20:09:10 PT) - Requesting ALL historical trapping data through 07/26/2025 for all of our FINS facilities
[INFO] 2025-07-26 03:09:51 UTC (2025-07-25 20:09:51 PT) - Downloaded 31748 rows of data
[INFO] 2025-07-26 03:09:51 UTC (2025-07-25 20:09:51 PT) - Columns: Finalize, Verify, Follow-Up, Trapped Date, Is Import, Facility, Trap, Trap Is Offsite, Trapping Session Name, Target Species, Target Run, Trapping Session Comments, Fish ID, Count, Species, Run, Sex, Origin, Origin Expression, Origin Description, Origin Start Date, Origin End Date, Origin Creator, Origin Creation Date, Living Status, Length, Age Designation, Age Calculated, Age Criteria Start Length, Age Criteria End Length, Age Criteria Start Date, Age Criteria End Date, Moved To Facility, Moved To, Moved To Location Type, Moved To Is Offsite, Offsite Owner Facility, Offsite Location Latitude, Offsite Location Longitude, Offsite Location Description, Disposition, Release Site, Release Site Latitude, Release Site Longitude, Purpose, Existing Marks, Existing Marks Quantity, Applied Marks, Applied Marks Quantity, Existing Tags, Applied Tags, Existing CWT, Existing CWT Value, Applied CWT, Applied CWT Value, Existing PIT, Applied PIT, Samples, Conditions, Recap, Injected, Weight, Notes, Group Notes, Import Custom
[INFO] 2025-07-26 03:09:51 UTC (2025-07-25 20:09:51 PT) - Successfully saved file: data/TrappingData.csv - Size: 18297238 bytes
[INFO] 2025-07-26 03:09:51 UTC (2025-07-25 20:09:51 PT) - Data summary:
[INFO] 2025-07-26 03:09:51 UTC (2025-07-25 20:09:51 PT) -   Date range: 03/13/2000 to 07/23/2025
[INFO] 2025-07-26 03:09:51 UTC (2025-07-25 20:09:51 PT) -   Total records: 31748
[INFO] 2025-07-26 03:09:51 UTC (2025-07-25 20:09:51 PT) - Download completed successfully
[INFO] 2025-07-27 03:22:35 UTC (2025-07-26 20:22:35 PT) - Starting nightly FINS trapping data download
[INFO] 2025-07-27 03:22:35 UTC (2025-07-26 20:22:35 PT) - API key found
[INFO] 2025-07-27 03:22:35 UTC (2025-07-26 20:22:35 PT) - Current PT time: 2025-07-26 20:22:35
[INFO] 2025-07-27 03:22:35 UTC (2025-07-26 20:22:35 PT) - Requesting ALL historical trapping data through 07/27/2025 for all of our FINS facilities
[INFO] 2025-07-27 03:23:19 UTC (2025-07-26 20:23:19 PT) - Downloaded 31748 rows of data
[INFO] 2025-07-27 03:23:19 UTC (2025-07-26 20:23:19 PT) - Columns: Finalize, Verify, Follow-Up, Trapped Date, Is Import, Facility, Trap, Trap Is Offsite, Trapping Session Name, Target Species, Target Run, Trapping Session Comments, Fish ID, Count, Species, Run, Sex, Origin, Origin Expression, Origin Description, Origin Start Date, Origin End Date, Origin Creator, Origin Creation Date, Living Status, Length, Age Designation, Age Calculated, Age Criteria Start Length, Age Criteria End Length, Age Criteria Start Date, Age Criteria End Date, Moved To Facility, Moved To, Moved To Location Type, Moved To Is Offsite, Offsite Owner Facility, Offsite Location Latitude, Offsite Location Longitude, Offsite Location Description, Disposition, Release Site, Release Site Latitude, Release Site Longitude, Purpose, Existing Marks, Existing Marks Quantity, Applied Marks, Applied Marks Quantity, Existing Tags, Applied Tags, Existing CWT, Existing CWT Value, Applied CWT, Applied CWT Value, Existing PIT, Applied PIT, Samples, Conditions, Recap, Injected, Weight, Notes, Group Notes, Import Custom
[INFO] 2025-07-27 03:23:19 UTC (2025-07-26 20:23:19 PT) - Successfully saved file: data/TrappingData.csv - Size: 18297238 bytes
[INFO] 2025-07-27 03:23:19 UTC (2025-07-26 20:23:19 PT) - Data summary:
[INFO] 2025-07-27 03:23:19 UTC (2025-07-26 20:23:19 PT) -   Date range: 03/13/2000 to 07/23/2025
[INFO] 2025-07-27 03:23:19 UTC (2025-07-26 20:23:19 PT) -   Total records: 31748
[INFO] 2025-07-27 03:23:19 UTC (2025-07-26 20:23:19 PT) - Download completed successfully
[INFO] 2025-07-28 03:21:40 UTC (2025-07-27 20:21:40 PT) - Starting nightly FINS trapping data download
[INFO] 2025-07-28 03:21:40 UTC (2025-07-27 20:21:40 PT) - API key found
[INFO] 2025-07-28 03:21:40 UTC (2025-07-27 20:21:40 PT) - Current PT time: 2025-07-27 20:21:40
[INFO] 2025-07-28 03:21:40 UTC (2025-07-27 20:21:40 PT) - Requesting ALL historical trapping data through 07/28/2025 for all of our FINS facilities
[INFO] 2025-07-28 03:22:25 UTC (2025-07-27 20:22:25 PT) - Downloaded 31748 rows of data
[INFO] 2025-07-28 03:22:25 UTC (2025-07-27 20:22:25 PT) - Columns: Finalize, Verify, Follow-Up, Trapped Date, Is Import, Facility, Trap, Trap Is Offsite, Trapping Session Name, Target Species, Target Run, Trapping Session Comments, Fish ID, Count, Species, Run, Sex, Origin, Origin Expression, Origin Description, Origin Start Date, Origin End Date, Origin Creator, Origin Creation Date, Living Status, Length, Age Designation, Age Calculated, Age Criteria Start Length, Age Criteria End Length, Age Criteria Start Date, Age Criteria End Date, Moved To Facility, Moved To, Moved To Location Type, Moved To Is Offsite, Offsite Owner Facility, Offsite Location Latitude, Offsite Location Longitude, Offsite Location Description, Disposition, Release Site, Release Site Latitude, Release Site Longitude, Purpose, Existing Marks, Existing Marks Quantity, Applied Marks, Applied Marks Quantity, Existing Tags, Applied Tags, Existing CWT, Existing CWT Value, Applied CWT, Applied CWT Value, Existing PIT, Applied PIT, Samples, Conditions, Recap, Injected, Weight, Notes, Group Notes, Import Custom
[INFO] 2025-07-28 03:22:25 UTC (2025-07-27 20:22:25 PT) - Successfully saved file: data/TrappingData.csv - Size: 18297238 bytes
[INFO] 2025-07-28 03:22:25 UTC (2025-07-27 20:22:25 PT) - Data summary:
[INFO] 2025-07-28 03:22:26 UTC (2025-07-27 20:22:26 PT) -   Date range: 03/13/2000 to 07/23/2025
[INFO] 2025-07-28 03:22:26 UTC (2025-07-27 20:22:26 PT) -   Total records: 31748
[INFO] 2025-07-28 03:22:26 UTC (2025-07-27 20:22:26 PT) - Download completed successfully
[INFO] 2025-07-29 03:24:28 UTC (2025-07-28 20:24:28 PT) - Starting nightly FINS trapping data download
[INFO] 2025-07-29 03:24:28 UTC (2025-07-28 20:24:28 PT) - API key found
[INFO] 2025-07-29 03:24:28 UTC (2025-07-28 20:24:28 PT) - Current PT time: 2025-07-28 20:24:28
[INFO] 2025-07-29 03:24:28 UTC (2025-07-28 20:24:28 PT) - Requesting ALL historical trapping data through 07/29/2025 for all of our FINS facilities
[INFO] 2025-07-29 03:25:14 UTC (2025-07-28 20:25:14 PT) - Downloaded 31800 rows of data
[INFO] 2025-07-29 03:25:14 UTC (2025-07-28 20:25:14 PT) - Columns: Finalize, Verify, Follow-Up, Trapped Date, Is Import, Facility, Trap, Trap Is Offsite, Trapping Session Name, Target Species, Target Run, Trapping Session Comments, Fish ID, Count, Species, Run, Sex, Origin, Origin Expression, Origin Description, Origin Start Date, Origin End Date, Origin Creator, Origin Creation Date, Living Status, Length, Age Designation, Age Calculated, Age Criteria Start Length, Age Criteria End Length, Age Criteria Start Date, Age Criteria End Date, Moved To Facility, Moved To, Moved To Location Type, Moved To Is Offsite, Offsite Owner Facility, Offsite Location Latitude, Offsite Location Longitude, Offsite Location Description, Disposition, Release Site, Release Site Latitude, Release Site Longitude, Purpose, Existing Marks, Existing Marks Quantity, Applied Marks, Applied Marks Quantity, Existing Tags, Applied Tags, Existing CWT, Existing CWT Value, Applied CWT, Applied CWT Value, Existing PIT, Applied PIT, Samples, Conditions, Recap, Injected, Weight, Notes, Group Notes, Import Custom
[INFO] 2025-07-29 03:25:14 UTC (2025-07-28 20:25:14 PT) - Successfully saved file: data/TrappingData.csv - Size: 18325467 bytes
[INFO] 2025-07-29 03:25:14 UTC (2025-07-28 20:25:14 PT) - Data summary:
[INFO] 2025-07-29 03:25:15 UTC (2025-07-28 20:25:15 PT) -   Date range: 03/13/2000 to 07/28/2025
[INFO] 2025-07-29 03:25:15 UTC (2025-07-28 20:25:15 PT) -   Total records: 31800
[INFO] 2025-07-29 03:25:15 UTC (2025-07-28 20:25:15 PT) - Download completed successfully
[INFO] 2025-07-30 03:18:56 UTC (2025-07-29 20:18:56 PT) - Starting nightly FINS trapping data download
[INFO] 2025-07-30 03:18:56 UTC (2025-07-29 20:18:56 PT) - API key found
[INFO] 2025-07-30 03:18:56 UTC (2025-07-29 20:18:56 PT) - Current PT time: 2025-07-29 20:18:56
[INFO] 2025-07-30 03:18:56 UTC (2025-07-29 20:18:56 PT) - Requesting ALL historical trapping data through 07/30/2025 for all of our FINS facilities
[INFO] 2025-07-30 03:19:40 UTC (2025-07-29 20:19:40 PT) - Downloaded 31842 rows of data
[INFO] 2025-07-30 03:19:40 UTC (2025-07-29 20:19:40 PT) - Columns: Finalize, Verify, Follow-Up, Trapped Date, Is Import, Facility, Trap, Trap Is Offsite, Trapping Session Name, Target Species, Target Run, Trapping Session Comments, Fish ID, Count, Species, Run, Sex, Origin, Origin Expression, Origin Description, Origin Start Date, Origin End Date, Origin Creator, Origin Creation Date, Living Status, Length, Age Designation, Age Calculated, Age Criteria Start Length, Age Criteria End Length, Age Criteria Start Date, Age Criteria End Date, Moved To Facility, Moved To, Moved To Location Type, Moved To Is Offsite, Offsite Owner Facility, Offsite Location Latitude, Offsite Location Longitude, Offsite Location Description, Disposition, Release Site, Release Site Latitude, Release Site Longitude, Purpose, Existing Marks, Existing Marks Quantity, Applied Marks, Applied Marks Quantity, Existing Tags, Applied Tags, Existing CWT, Existing CWT Value, Applied CWT, Applied CWT Value, Existing PIT, Applied PIT, Samples, Conditions, Recap, Injected, Weight, Notes, Group Notes, Import Custom
[INFO] 2025-07-30 03:19:40 UTC (2025-07-29 20:19:40 PT) - Successfully saved file: data/TrappingData.csv - Size: 18348364 bytes
[INFO] 2025-07-30 03:19:40 UTC (2025-07-29 20:19:40 PT) - Data summary:
[INFO] 2025-07-30 03:19:41 UTC (2025-07-29 20:19:41 PT) -   Date range: 03/13/2000 to 07/28/2025
[INFO] 2025-07-30 03:19:41 UTC (2025-07-29 20:19:41 PT) -   Total records: 31842
[INFO] 2025-07-30 03:19:41 UTC (2025-07-29 20:19:41 PT) - Download completed successfully
[INFO] 2025-07-31 03:17:52 UTC (2025-07-30 20:17:52 PT) - Starting nightly FINS trapping data download
[INFO] 2025-07-31 03:17:52 UTC (2025-07-30 20:17:52 PT) - API key found
[INFO] 2025-07-31 03:17:52 UTC (2025-07-30 20:17:52 PT) - Current PT time: 2025-07-30 20:17:52
[INFO] 2025-07-31 03:17:52 UTC (2025-07-30 20:17:52 PT) - Requesting ALL historical trapping data through 07/31/2025 for all of our FINS facilities
[INFO] 2025-07-31 03:18:34 UTC (2025-07-30 20:18:34 PT) - Downloaded 31842 rows of data
[INFO] 2025-07-31 03:18:34 UTC (2025-07-30 20:18:34 PT) - Columns: Finalize, Verify, Follow-Up, Trapped Date, Is Import, Facility, Trap, Trap Is Offsite, Trapping Session Name, Target Species, Target Run, Trapping Session Comments, Fish ID, Count, Species, Run, Sex, Origin, Origin Expression, Origin Description, Origin Start Date, Origin End Date, Origin Creator, Origin Creation Date, Living Status, Length, Age Designation, Age Calculated, Age Criteria Start Length, Age Criteria End Length, Age Criteria Start Date, Age Criteria End Date, Moved To Facility, Moved To, Moved To Location Type, Moved To Is Offsite, Offsite Owner Facility, Offsite Location Latitude, Offsite Location Longitude, Offsite Location Description, Disposition, Release Site, Release Site Latitude, Release Site Longitude, Purpose, Existing Marks, Existing Marks Quantity, Applied Marks, Applied Marks Quantity, Existing Tags, Applied Tags, Existing CWT, Existing CWT Value, Applied CWT, Applied CWT Value, Existing PIT, Applied PIT, Samples, Conditions, Recap, Injected, Weight, Notes, Group Notes, Import Custom
[INFO] 2025-07-31 03:18:34 UTC (2025-07-30 20:18:34 PT) - Successfully saved file: data/TrappingData.csv - Size: 18338124 bytes
[INFO] 2025-07-31 03:18:34 UTC (2025-07-30 20:18:34 PT) - Data summary:
[INFO] 2025-07-31 03:18:34 UTC (2025-07-30 20:18:34 PT) -   Date range: 03/13/2000 to 07/28/2025
[INFO] 2025-07-31 03:18:34 UTC (2025-07-30 20:18:34 PT) -   Total records: 31842
[INFO] 2025-07-31 03:18:34 UTC (2025-07-30 20:18:34 PT) - Download completed successfully
[INFO] 2025-08-01 03:28:25 UTC (2025-07-31 20:28:25 PT) - Starting nightly FINS trapping data download
[INFO] 2025-08-01 03:28:25 UTC (2025-07-31 20:28:25 PT) - API key found
[INFO] 2025-08-01 03:28:25 UTC (2025-07-31 20:28:25 PT) - Current PT time: 2025-07-31 20:28:25
[INFO] 2025-08-01 03:28:25 UTC (2025-07-31 20:28:25 PT) - Requesting ALL historical trapping data through 08/01/2025 for all of our FINS facilities
[INFO] 2025-08-01 03:29:10 UTC (2025-07-31 20:29:10 PT) - Downloaded 31842 rows of data
[INFO] 2025-08-01 03:29:10 UTC (2025-07-31 20:29:10 PT) - Columns: Finalize, Verify, Follow-Up, Trapped Date, Is Import, Facility, Trap, Trap Is Offsite, Trapping Session Name, Target Species, Target Run, Trapping Session Comments, Fish ID, Count, Species, Run, Sex, Origin, Origin Expression, Origin Description, Origin Start Date, Origin End Date, Origin Creator, Origin Creation Date, Living Status, Length, Age Designation, Age Calculated, Age Criteria Start Length, Age Criteria End Length, Age Criteria Start Date, Age Criteria End Date, Moved To Facility, Moved To, Moved To Location Type, Moved To Is Offsite, Offsite Owner Facility, Offsite Location Latitude, Offsite Location Longitude, Offsite Location Description, Disposition, Release Site, Release Site Latitude, Release Site Longitude, Purpose, Existing Marks, Existing Marks Quantity, Applied Marks, Applied Marks Quantity, Existing Tags, Applied Tags, Existing CWT, Existing CWT Value, Applied CWT, Applied CWT Value, Existing PIT, Applied PIT, Samples, Conditions, Recap, Injected, Weight, Notes, Group Notes, Import Custom
[INFO] 2025-08-01 03:29:10 UTC (2025-07-31 20:29:10 PT) - Successfully saved file: data/TrappingData.csv - Size: 18339125 bytes
[INFO] 2025-08-01 03:29:10 UTC (2025-07-31 20:29:10 PT) - Data summary:
[INFO] 2025-08-01 03:29:10 UTC (2025-07-31 20:29:10 PT) -   Date range: 03/13/2000 to 07/28/2025
[INFO] 2025-08-01 03:29:10 UTC (2025-07-31 20:29:10 PT) -   Total records: 31842
[INFO] 2025-08-01 03:29:10 UTC (2025-07-31 20:29:10 PT) - Download completed successfully
[INFO] 2025-08-02 03:10:04 UTC (2025-08-01 20:10:04 PT) - Starting nightly FINS trapping data download
[INFO] 2025-08-02 03:10:04 UTC (2025-08-01 20:10:04 PT) - API key found
[INFO] 2025-08-02 03:10:04 UTC (2025-08-01 20:10:04 PT) - Current PT time: 2025-08-01 20:10:04
[INFO] 2025-08-02 03:10:04 UTC (2025-08-01 20:10:04 PT) - Requesting ALL historical trapping data through 08/02/2025 for all of our FINS facilities
[INFO] 2025-08-02 03:10:48 UTC (2025-08-01 20:10:48 PT) - Downloaded 31887 rows of data
[INFO] 2025-08-02 03:10:48 UTC (2025-08-01 20:10:48 PT) - Columns: Finalize, Verify, Follow-Up, Trapped Date, Is Import, Facility, Trap, Trap Is Offsite, Trapping Session Name, Target Species, Target Run, Trapping Session Comments, Fish ID, Count, Species, Run, Sex, Origin, Origin Expression, Origin Description, Origin Start Date, Origin End Date, Origin Creator, Origin Creation Date, Living Status, Length, Age Designation, Age Calculated, Age Criteria Start Length, Age Criteria End Length, Age Criteria Start Date, Age Criteria End Date, Moved To Facility, Moved To, Moved To Location Type, Moved To Is Offsite, Offsite Owner Facility, Offsite Location Latitude, Offsite Location Longitude, Offsite Location Description, Disposition, Release Site, Release Site Latitude, Release Site Longitude, Purpose, Existing Marks, Existing Marks Quantity, Applied Marks, Applied Marks Quantity, Existing Tags, Applied Tags, Existing CWT, Existing CWT Value, Applied CWT, Applied CWT Value, Existing PIT, Applied PIT, Samples, Conditions, Recap, Injected, Weight, Notes, Group Notes, Import Custom
[INFO] 2025-08-02 03:10:48 UTC (2025-08-01 20:10:48 PT) - Successfully saved file: data/TrappingData.csv - Size: 18365659 bytes
[INFO] 2025-08-02 03:10:48 UTC (2025-08-01 20:10:48 PT) - Data summary:
[INFO] 2025-08-02 03:10:48 UTC (2025-08-01 20:10:48 PT) -   Date range: 03/13/2000 to 07/31/2025
[INFO] 2025-08-02 03:10:48 UTC (2025-08-01 20:10:48 PT) -   Total records: 31887
[INFO] 2025-08-02 03:10:48 UTC (2025-08-01 20:10:48 PT) - Download completed successfully
[INFO] 2025-08-03 03:26:05 UTC (2025-08-02 20:26:05 PT) - Starting nightly FINS trapping data download
[INFO] 2025-08-03 03:26:05 UTC (2025-08-02 20:26:05 PT) - API key found
[INFO] 2025-08-03 03:26:05 UTC (2025-08-02 20:26:05 PT) - Current PT time: 2025-08-02 20:26:05
[INFO] 2025-08-03 03:26:05 UTC (2025-08-02 20:26:05 PT) - Requesting ALL historical trapping data through 08/03/2025 for all of our FINS facilities
[INFO] 2025-08-03 03:26:46 UTC (2025-08-02 20:26:46 PT) - Downloaded 31887 rows of data
[INFO] 2025-08-03 03:26:46 UTC (2025-08-02 20:26:46 PT) - Columns: Finalize, Verify, Follow-Up, Trapped Date, Is Import, Facility, Trap, Trap Is Offsite, Trapping Session Name, Target Species, Target Run, Trapping Session Comments, Fish ID, Count, Species, Run, Sex, Origin, Origin Expression, Origin Description, Origin Start Date, Origin End Date, Origin Creator, Origin Creation Date, Living Status, Length, Age Designation, Age Calculated, Age Criteria Start Length, Age Criteria End Length, Age Criteria Start Date, Age Criteria End Date, Moved To Facility, Moved To, Moved To Location Type, Moved To Is Offsite, Offsite Owner Facility, Offsite Location Latitude, Offsite Location Longitude, Offsite Location Description, Disposition, Release Site, Release Site Latitude, Release Site Longitude, Purpose, Existing Marks, Existing Marks Quantity, Applied Marks, Applied Marks Quantity, Existing Tags, Applied Tags, Existing CWT, Existing CWT Value, Applied CWT, Applied CWT Value, Existing PIT, Applied PIT, Samples, Conditions, Recap, Injected, Weight, Notes, Group Notes, Import Custom
[INFO] 2025-08-03 03:26:47 UTC (2025-08-02 20:26:47 PT) - Successfully saved file: data/TrappingData.csv - Size: 18365659 bytes
[INFO] 2025-08-03 03:26:47 UTC (2025-08-02 20:26:47 PT) - Data summary:
[INFO] 2025-08-03 03:26:47 UTC (2025-08-02 20:26:47 PT) -   Date range: 03/13/2000 to 07/31/2025
[INFO] 2025-08-03 03:26:47 UTC (2025-08-02 20:26:47 PT) -   Total records: 31887
[INFO] 2025-08-03 03:26:47 UTC (2025-08-02 20:26:47 PT) - Download completed successfully
[INFO] 2025-08-04 03:30:04 UTC (2025-08-03 20:30:04 PT) - Starting nightly FINS trapping data download
[INFO] 2025-08-04 03:30:04 UTC (2025-08-03 20:30:04 PT) - API key found
[INFO] 2025-08-04 03:30:04 UTC (2025-08-03 20:30:04 PT) - Current PT time: 2025-08-03 20:30:04
[INFO] 2025-08-04 03:30:04 UTC (2025-08-03 20:30:04 PT) - Requesting ALL historical trapping data through 08/04/2025 for all of our FINS facilities
[INFO] 2025-08-04 03:30:44 UTC (2025-08-03 20:30:44 PT) - Downloaded 31887 rows of data
[INFO] 2025-08-04 03:30:44 UTC (2025-08-03 20:30:44 PT) - Columns: Finalize, Verify, Follow-Up, Trapped Date, Is Import, Facility, Trap, Trap Is Offsite, Trapping Session Name, Target Species, Target Run, Trapping Session Comments, Fish ID, Count, Species, Run, Sex, Origin, Origin Expression, Origin Description, Origin Start Date, Origin End Date, Origin Creator, Origin Creation Date, Living Status, Length, Age Designation, Age Calculated, Age Criteria Start Length, Age Criteria End Length, Age Criteria Start Date, Age Criteria End Date, Moved To Facility, Moved To, Moved To Location Type, Moved To Is Offsite, Offsite Owner Facility, Offsite Location Latitude, Offsite Location Longitude, Offsite Location Description, Disposition, Release Site, Release Site Latitude, Release Site Longitude, Purpose, Existing Marks, Existing Marks Quantity, Applied Marks, Applied Marks Quantity, Existing Tags, Applied Tags, Existing CWT, Existing CWT Value, Applied CWT, Applied CWT Value, Existing PIT, Applied PIT, Samples, Conditions, Recap, Injected, Weight, Notes, Group Notes, Import Custom
[INFO] 2025-08-04 03:30:44 UTC (2025-08-03 20:30:44 PT) - Successfully saved file: data/TrappingData.csv - Size: 18365659 bytes
[INFO] 2025-08-04 03:30:44 UTC (2025-08-03 20:30:44 PT) - Data summary:
[INFO] 2025-08-04 03:30:45 UTC (2025-08-03 20:30:45 PT) -   Date range: 03/13/2000 to 07/31/2025
[INFO] 2025-08-04 03:30:45 UTC (2025-08-03 20:30:45 PT) -   Total records: 31887
[INFO] 2025-08-04 03:30:45 UTC (2025-08-03 20:30:45 PT) - Download completed successfully
[INFO] 2025-08-05 03:21:59 UTC (2025-08-04 20:21:59 PT) - Starting nightly FINS trapping data download
[INFO] 2025-08-05 03:21:59 UTC (2025-08-04 20:21:59 PT) - API key found
[INFO] 2025-08-05 03:21:59 UTC (2025-08-04 20:21:59 PT) - Current PT time: 2025-08-04 20:21:59
[INFO] 2025-08-05 03:21:59 UTC (2025-08-04 20:21:59 PT) - Requesting ALL historical trapping data through 08/05/2025 for all of our FINS facilities
[INFO] 2025-08-05 03:22:41 UTC (2025-08-04 20:22:41 PT) - Downloaded 31887 rows of data
[INFO] 2025-08-05 03:22:41 UTC (2025-08-04 20:22:41 PT) - Columns: Finalize, Verify, Follow-Up, Trapped Date, Is Import, Facility, Trap, Trap Is Offsite, Trapping Session Name, Target Species, Target Run, Trapping Session Comments, Fish ID, Count, Species, Run, Sex, Origin, Origin Expression, Origin Description, Origin Start Date, Origin End Date, Origin Creator, Origin Creation Date, Living Status, Length, Age Designation, Age Calculated, Age Criteria Start Length, Age Criteria End Length, Age Criteria Start Date, Age Criteria End Date, Moved To Facility, Moved To, Moved To Location Type, Moved To Is Offsite, Offsite Owner Facility, Offsite Location Latitude, Offsite Location Longitude, Offsite Location Description, Disposition, Release Site, Release Site Latitude, Release Site Longitude, Purpose, Existing Marks, Existing Marks Quantity, Applied Marks, Applied Marks Quantity, Existing Tags, Applied Tags, Existing CWT, Existing CWT Value, Applied CWT, Applied CWT Value, Existing PIT, Applied PIT, Samples, Conditions, Recap, Injected, Weight, Notes, Group Notes, Import Custom
[INFO] 2025-08-05 03:22:41 UTC (2025-08-04 20:22:41 PT) - Successfully saved file: data/TrappingData.csv - Size: 18365659 bytes
[INFO] 2025-08-05 03:22:41 UTC (2025-08-04 20:22:41 PT) - Data summary:
[INFO] 2025-08-05 03:22:41 UTC (2025-08-04 20:22:41 PT) -   Date range: 03/13/2000 to 07/31/2025
[INFO] 2025-08-05 03:22:41 UTC (2025-08-04 20:22:41 PT) -   Total records: 31887
[INFO] 2025-08-05 03:22:41 UTC (2025-08-04 20:22:41 PT) - Download completed successfully
[INFO] 2025-08-06 03:19:22 UTC (2025-08-05 20:19:22 PT) - Starting nightly FINS trapping data download
[INFO] 2025-08-06 03:19:22 UTC (2025-08-05 20:19:22 PT) - API key found
[INFO] 2025-08-06 03:19:22 UTC (2025-08-05 20:19:22 PT) - Current PT time: 2025-08-05 20:19:22
[INFO] 2025-08-06 03:19:22 UTC (2025-08-05 20:19:22 PT) - Requesting ALL historical trapping data through 08/06/2025 for all of our FINS facilities
[INFO] 2025-08-06 03:20:00 UTC (2025-08-05 20:20:00 PT) - Downloaded 31924 rows of data
[INFO] 2025-08-06 03:20:00 UTC (2025-08-05 20:20:00 PT) - Columns: Finalize, Verify, Follow-Up, Trapped Date, Is Import, Facility, Trap, Trap Is Offsite, Trapping Session Name, Target Species, Target Run, Trapping Session Comments, Fish ID, Count, Species, Run, Sex, Origin, Origin Expression, Origin Description, Origin Start Date, Origin End Date, Origin Creator, Origin Creation Date, Living Status, Length, Age Designation, Age Calculated, Age Criteria Start Length, Age Criteria End Length, Age Criteria Start Date, Age Criteria End Date, Moved To Facility, Moved To, Moved To Location Type, Moved To Is Offsite, Offsite Owner Facility, Offsite Location Latitude, Offsite Location Longitude, Offsite Location Description, Disposition, Release Site, Release Site Latitude, Release Site Longitude, Purpose, Existing Marks, Existing Marks Quantity, Applied Marks, Applied Marks Quantity, Existing Tags, Applied Tags, Existing CWT, Existing CWT Value, Applied CWT, Applied CWT Value, Existing PIT, Applied PIT, Samples, Conditions, Recap, Injected, Weight, Notes, Group Notes, Import Custom
[INFO] 2025-08-06 03:20:00 UTC (2025-08-05 20:20:00 PT) - Successfully saved file: data/TrappingData.csv - Size: 18386393 bytes
[INFO] 2025-08-06 03:20:00 UTC (2025-08-05 20:20:00 PT) - Data summary:
[INFO] 2025-08-06 03:20:00 UTC (2025-08-05 20:20:00 PT) -   Date range: 03/13/2000 to 08/04/2025
[INFO] 2025-08-06 03:20:00 UTC (2025-08-05 20:20:00 PT) -   Total records: 31924
[INFO] 2025-08-06 03:20:00 UTC (2025-08-05 20:20:00 PT) - Download completed successfully
[INFO] 2025-08-07 03:18:57 UTC (2025-08-06 20:18:57 PT) - Starting nightly FINS trapping data download
[INFO] 2025-08-07 03:18:57 UTC (2025-08-06 20:18:57 PT) - API key found
[INFO] 2025-08-07 03:18:57 UTC (2025-08-06 20:18:57 PT) - Current PT time: 2025-08-06 20:18:57
[INFO] 2025-08-07 03:18:57 UTC (2025-08-06 20:18:57 PT) - Requesting ALL historical trapping data through 08/07/2025 for all of our FINS facilities
[INFO] 2025-08-07 03:19:41 UTC (2025-08-06 20:19:41 PT) - Downloaded 31924 rows of data
[INFO] 2025-08-07 03:19:41 UTC (2025-08-06 20:19:41 PT) - Columns: Finalize, Verify, Follow-Up, Trapped Date, Is Import, Facility, Trap, Trap Is Offsite, Trapping Session Name, Target Species, Target Run, Trapping Session Comments, Fish ID, Count, Species, Run, Sex, Origin, Origin Expression, Origin Description, Origin Start Date, Origin End Date, Origin Creator, Origin Creation Date, Living Status, Length, Age Designation, Age Calculated, Age Criteria Start Length, Age Criteria End Length, Age Criteria Start Date, Age Criteria End Date, Moved To Facility, Moved To, Moved To Location Type, Moved To Is Offsite, Offsite Owner Facility, Offsite Location Latitude, Offsite Location Longitude, Offsite Location Description, Disposition, Release Site, Release Site Latitude, Release Site Longitude, Purpose, Existing Marks, Existing Marks Quantity, Applied Marks, Applied Marks Quantity, Existing Tags, Applied Tags, Existing CWT, Existing CWT Value, Applied CWT, Applied CWT Value, Existing PIT, Applied PIT, Samples, Conditions, Recap, Injected, Weight, Notes, Group Notes, Import Custom
[INFO] 2025-08-07 03:19:41 UTC (2025-08-06 20:19:41 PT) - Successfully saved file: data/TrappingData.csv - Size: 18386393 bytes
[INFO] 2025-08-07 03:19:41 UTC (2025-08-06 20:19:41 PT) - Data summary:
[INFO] 2025-08-07 03:19:41 UTC (2025-08-06 20:19:41 PT) -   Date range: 03/13/2000 to 08/04/2025
[INFO] 2025-08-07 03:19:41 UTC (2025-08-06 20:19:41 PT) -   Total records: 31924
[INFO] 2025-08-07 03:19:41 UTC (2025-08-06 20:19:41 PT) - Download completed successfully
[INFO] 2025-08-08 03:19:12 UTC (2025-08-07 20:19:12 PT) - Starting nightly FINS trapping data download
[INFO] 2025-08-08 03:19:12 UTC (2025-08-07 20:19:12 PT) - API key found
[INFO] 2025-08-08 03:19:12 UTC (2025-08-07 20:19:12 PT) - Current PT time: 2025-08-07 20:19:12
[INFO] 2025-08-08 03:19:12 UTC (2025-08-07 20:19:12 PT) - Requesting ALL historical trapping data through 08/08/2025 for all of our FINS facilities
[INFO] 2025-08-08 03:19:55 UTC (2025-08-07 20:19:55 PT) - Downloaded 31924 rows of data
[INFO] 2025-08-08 03:19:55 UTC (2025-08-07 20:19:55 PT) - Columns: Finalize, Verify, Follow-Up, Trapped Date, Is Import, Facility, Trap, Trap Is Offsite, Trapping Session Name, Target Species, Target Run, Trapping Session Comments, Fish ID, Count, Species, Run, Sex, Origin, Origin Expression, Origin Description, Origin Start Date, Origin End Date, Origin Creator, Origin Creation Date, Living Status, Length, Age Designation, Age Calculated, Age Criteria Start Length, Age Criteria End Length, Age Criteria Start Date, Age Criteria End Date, Moved To Facility, Moved To, Moved To Location Type, Moved To Is Offsite, Offsite Owner Facility, Offsite Location Latitude, Offsite Location Longitude, Offsite Location Description, Disposition, Release Site, Release Site Latitude, Release Site Longitude, Purpose, Existing Marks, Existing Marks Quantity, Applied Marks, Applied Marks Quantity, Existing Tags, Applied Tags, Existing CWT, Existing CWT Value, Applied CWT, Applied CWT Value, Existing PIT, Applied PIT, Samples, Conditions, Recap, Injected, Weight, Notes, Group Notes, Import Custom
[INFO] 2025-08-08 03:19:55 UTC (2025-08-07 20:19:55 PT) - Successfully saved file: data/TrappingData.csv - Size: 18386393 bytes
[INFO] 2025-08-08 03:19:55 UTC (2025-08-07 20:19:55 PT) - Data summary:
[INFO] 2025-08-08 03:19:55 UTC (2025-08-07 20:19:55 PT) -   Date range: 03/13/2000 to 08/04/2025
[INFO] 2025-08-08 03:19:55 UTC (2025-08-07 20:19:55 PT) -   Total records: 31924
[INFO] 2025-08-08 03:19:55 UTC (2025-08-07 20:19:55 PT) - Download completed successfully
[INFO] 2025-08-09 03:02:17 UTC (2025-08-08 20:02:17 PT) - Starting nightly FINS trapping data download
[INFO] 2025-08-09 03:02:17 UTC (2025-08-08 20:02:17 PT) - API key found
[INFO] 2025-08-09 03:02:17 UTC (2025-08-08 20:02:17 PT) - Current PT time: 2025-08-08 20:02:17
[INFO] 2025-08-09 03:02:17 UTC (2025-08-08 20:02:17 PT) - Requesting ALL historical trapping data through 08/09/2025 for all of our FINS facilities
[INFO] 2025-08-09 03:02:55 UTC (2025-08-08 20:02:55 PT) - Downloaded 31924 rows of data
[INFO] 2025-08-09 03:02:55 UTC (2025-08-08 20:02:55 PT) - Columns: Finalize, Verify, Follow-Up, Trapped Date, Is Import, Facility, Trap, Trap Is Offsite, Trapping Session Name, Target Species, Target Run, Trapping Session Comments, Fish ID, Count, Species, Run, Sex, Origin, Origin Expression, Origin Description, Origin Start Date, Origin End Date, Origin Creator, Origin Creation Date, Living Status, Length, Age Designation, Age Calculated, Age Criteria Start Length, Age Criteria End Length, Age Criteria Start Date, Age Criteria End Date, Moved To Facility, Moved To, Moved To Location Type, Moved To Is Offsite, Offsite Owner Facility, Offsite Location Latitude, Offsite Location Longitude, Offsite Location Description, Disposition, Release Site, Release Site Latitude, Release Site Longitude, Purpose, Existing Marks, Existing Marks Quantity, Applied Marks, Applied Marks Quantity, Existing Tags, Applied Tags, Existing CWT, Existing CWT Value, Applied CWT, Applied CWT Value, Existing PIT, Applied PIT, Samples, Conditions, Recap, Injected, Weight, Notes, Group Notes, Import Custom
[INFO] 2025-08-09 03:02:55 UTC (2025-08-08 20:02:55 PT) - Successfully saved file: data/TrappingData.csv - Size: 18386393 bytes
[INFO] 2025-08-09 03:02:55 UTC (2025-08-08 20:02:55 PT) - Data summary:
[INFO] 2025-08-09 03:02:55 UTC (2025-08-08 20:02:55 PT) -   Date range: 03/13/2000 to 08/04/2025
[INFO] 2025-08-09 03:02:55 UTC (2025-08-08 20:02:55 PT) -   Total records: 31924
[INFO] 2025-08-09 03:02:55 UTC (2025-08-08 20:02:55 PT) - Download completed successfully
[INFO] 2025-08-10 03:20:09 UTC (2025-08-09 20:20:09 PT) - Starting nightly FINS trapping data download
[INFO] 2025-08-10 03:20:09 UTC (2025-08-09 20:20:09 PT) - API key found
[INFO] 2025-08-10 03:20:09 UTC (2025-08-09 20:20:09 PT) - Current PT time: 2025-08-09 20:20:09
[INFO] 2025-08-10 03:20:09 UTC (2025-08-09 20:20:09 PT) - Requesting ALL historical trapping data through 08/10/2025 for all of our FINS facilities
[INFO] 2025-08-10 03:20:53 UTC (2025-08-09 20:20:53 PT) - Downloaded 31934 rows of data
[INFO] 2025-08-10 03:20:53 UTC (2025-08-09 20:20:53 PT) - Columns: Finalize, Verify, Follow-Up, Trapped Date, Is Import, Facility, Trap, Trap Is Offsite, Trapping Session Name, Target Species, Target Run, Trapping Session Comments, Fish ID, Count, Species, Run, Sex, Origin, Origin Expression, Origin Description, Origin Start Date, Origin End Date, Origin Creator, Origin Creation Date, Living Status, Length, Age Designation, Age Calculated, Age Criteria Start Length, Age Criteria End Length, Age Criteria Start Date, Age Criteria End Date, Moved To Facility, Moved To, Moved To Location Type, Moved To Is Offsite, Offsite Owner Facility, Offsite Location Latitude, Offsite Location Longitude, Offsite Location Description, Disposition, Release Site, Release Site Latitude, Release Site Longitude, Purpose, Existing Marks, Existing Marks Quantity, Applied Marks, Applied Marks Quantity, Existing Tags, Applied Tags, Existing CWT, Existing CWT Value, Applied CWT, Applied CWT Value, Existing PIT, Applied PIT, Samples, Conditions, Recap, Injected, Weight, Notes, Group Notes, Import Custom
[INFO] 2025-08-10 03:20:53 UTC (2025-08-09 20:20:53 PT) - Successfully saved file: data/TrappingData.csv - Size: 18391872 bytes
[INFO] 2025-08-10 03:20:53 UTC (2025-08-09 20:20:53 PT) - Data summary:
[INFO] 2025-08-10 03:20:53 UTC (2025-08-09 20:20:53 PT) -   Date range: 03/13/2000 to 08/08/2025
[INFO] 2025-08-10 03:20:53 UTC (2025-08-09 20:20:53 PT) -   Total records: 31934
[INFO] 2025-08-10 03:20:53 UTC (2025-08-09 20:20:53 PT) - Download completed successfully
[INFO] 2025-08-11 03:18:49 UTC (2025-08-10 20:18:49 PT) - Starting nightly FINS trapping data download
[INFO] 2025-08-11 03:18:49 UTC (2025-08-10 20:18:49 PT) - API key found
[INFO] 2025-08-11 03:18:49 UTC (2025-08-10 20:18:49 PT) - Current PT time: 2025-08-10 20:18:49
[INFO] 2025-08-11 03:18:49 UTC (2025-08-10 20:18:49 PT) - Requesting ALL historical trapping data through 08/11/2025 for all of our FINS facilities
[INFO] 2025-08-11 03:19:27 UTC (2025-08-10 20:19:27 PT) - Downloaded 31934 rows of data
[INFO] 2025-08-11 03:19:27 UTC (2025-08-10 20:19:27 PT) - Columns: Finalize, Verify, Follow-Up, Trapped Date, Is Import, Facility, Trap, Trap Is Offsite, Trapping Session Name, Target Species, Target Run, Trapping Session Comments, Fish ID, Count, Species, Run, Sex, Origin, Origin Expression, Origin Description, Origin Start Date, Origin End Date, Origin Creator, Origin Creation Date, Living Status, Length, Age Designation, Age Calculated, Age Criteria Start Length, Age Criteria End Length, Age Criteria Start Date, Age Criteria End Date, Moved To Facility, Moved To, Moved To Location Type, Moved To Is Offsite, Offsite Owner Facility, Offsite Location Latitude, Offsite Location Longitude, Offsite Location Description, Disposition, Release Site, Release Site Latitude, Release Site Longitude, Purpose, Existing Marks, Existing Marks Quantity, Applied Marks, Applied Marks Quantity, Existing Tags, Applied Tags, Existing CWT, Existing CWT Value, Applied CWT, Applied CWT Value, Existing PIT, Applied PIT, Samples, Conditions, Recap, Injected, Weight, Notes, Group Notes, Import Custom
[INFO] 2025-08-11 03:19:27 UTC (2025-08-10 20:19:27 PT) - Successfully saved file: data/TrappingData.csv - Size: 18391872 bytes
[INFO] 2025-08-11 03:19:27 UTC (2025-08-10 20:19:27 PT) - Data summary:
[INFO] 2025-08-11 03:19:27 UTC (2025-08-10 20:19:27 PT) -   Date range: 03/13/2000 to 08/08/2025
[INFO] 2025-08-11 03:19:27 UTC (2025-08-10 20:19:27 PT) -   Total records: 31934
[INFO] 2025-08-11 03:19:27 UTC (2025-08-10 20:19:27 PT) - Download completed successfully
[INFO] 2025-08-12 02:59:23 UTC (2025-08-11 19:59:23 PT) - Starting nightly FINS trapping data download
[INFO] 2025-08-12 02:59:23 UTC (2025-08-11 19:59:23 PT) - API key found
[INFO] 2025-08-12 02:59:23 UTC (2025-08-11 19:59:23 PT) - Current PT time: 2025-08-11 19:59:23
[INFO] 2025-08-12 02:59:23 UTC (2025-08-11 19:59:23 PT) - Requesting ALL historical trapping data through 08/12/2025 for all of our FINS facilities
[INFO] 2025-08-12 03:00:05 UTC (2025-08-11 20:00:05 PT) - Downloaded 31938 rows of data
[INFO] 2025-08-12 03:00:05 UTC (2025-08-11 20:00:05 PT) - Columns: Finalize, Verify, Follow-Up, Trapped Date, Is Import, Facility, Trap, Trap Is Offsite, Trapping Session Name, Target Species, Target Run, Trapping Session Comments, Fish ID, Count, Species, Run, Sex, Origin, Origin Expression, Origin Description, Origin Start Date, Origin End Date, Origin Creator, Origin Creation Date, Living Status, Length, Age Designation, Age Calculated, Age Criteria Start Length, Age Criteria End Length, Age Criteria Start Date, Age Criteria End Date, Moved To Facility, Moved To, Moved To Location Type, Moved To Is Offsite, Offsite Owner Facility, Offsite Location Latitude, Offsite Location Longitude, Offsite Location Description, Disposition, Release Site, Release Site Latitude, Release Site Longitude, Purpose, Existing Marks, Existing Marks Quantity, Applied Marks, Applied Marks Quantity, Existing Tags, Applied Tags, Existing CWT, Existing CWT Value, Applied CWT, Applied CWT Value, Existing PIT, Applied PIT, Samples, Conditions, Recap, Injected, Weight, Notes, Group Notes, Import Custom
[INFO] 2025-08-12 03:00:05 UTC (2025-08-11 20:00:05 PT) - Successfully saved file: data/TrappingData.csv - Size: 18394241 bytes
[INFO] 2025-08-12 03:00:05 UTC (2025-08-11 20:00:05 PT) - Data summary:
[INFO] 2025-08-12 03:00:05 UTC (2025-08-11 20:00:05 PT) -   Date range: 03/13/2000 to 08/10/2025
[INFO] 2025-08-12 03:00:05 UTC (2025-08-11 20:00:05 PT) -   Total records: 31938
[INFO] 2025-08-12 03:00:05 UTC (2025-08-11 20:00:05 PT) - Download completed successfully
[INFO] 2025-08-13 03:02:12 UTC (2025-08-12 20:02:12 PT) - Starting nightly FINS trapping data download
[INFO] 2025-08-13 03:02:12 UTC (2025-08-12 20:02:12 PT) - API key found
[INFO] 2025-08-13 03:02:12 UTC (2025-08-12 20:02:12 PT) - Current PT time: 2025-08-12 20:02:12
[INFO] 2025-08-13 03:02:12 UTC (2025-08-12 20:02:12 PT) - Requesting ALL historical trapping data through 08/13/2025 for all of our FINS facilities
[INFO] 2025-08-13 03:02:50 UTC (2025-08-12 20:02:50 PT) - Downloaded 31952 rows of data
[INFO] 2025-08-13 03:02:50 UTC (2025-08-12 20:02:50 PT) - Columns: Finalize, Verify, Follow-Up, Trapped Date, Is Import, Facility, Trap, Trap Is Offsite, Trapping Session Name, Target Species, Target Run, Trapping Session Comments, Fish ID, Count, Species, Run, Sex, Origin, Origin Expression, Origin Description, Origin Start Date, Origin End Date, Origin Creator, Origin Creation Date, Living Status, Length, Age Designation, Age Calculated, Age Criteria Start Length, Age Criteria End Length, Age Criteria Start Date, Age Criteria End Date, Moved To Facility, Moved To, Moved To Location Type, Moved To Is Offsite, Offsite Owner Facility, Offsite Location Latitude, Offsite Location Longitude, Offsite Location Description, Disposition, Release Site, Release Site Latitude, Release Site Longitude, Purpose, Existing Marks, Existing Marks Quantity, Applied Marks, Applied Marks Quantity, Existing Tags, Applied Tags, Existing CWT, Existing CWT Value, Applied CWT, Applied CWT Value, Existing PIT, Applied PIT, Samples, Conditions, Recap, Injected, Weight, Notes, Group Notes, Import Custom
[INFO] 2025-08-13 03:02:50 UTC (2025-08-12 20:02:50 PT) - Successfully saved file: data/TrappingData.csv - Size: 18402247 bytes
[INFO] 2025-08-13 03:02:50 UTC (2025-08-12 20:02:50 PT) - Data summary:
[INFO] 2025-08-13 03:02:50 UTC (2025-08-12 20:02:50 PT) -   Date range: 03/13/2000 to 08/12/2025
[INFO] 2025-08-13 03:02:50 UTC (2025-08-12 20:02:50 PT) -   Total records: 31952
[INFO] 2025-08-13 03:02:50 UTC (2025-08-12 20:02:50 PT) - Download completed successfully
[INFO] 2025-08-14 03:03:47 UTC (2025-08-13 20:03:47 PT) - Starting nightly FINS trapping data download
[INFO] 2025-08-14 03:03:47 UTC (2025-08-13 20:03:47 PT) - API key found
[INFO] 2025-08-14 03:03:47 UTC (2025-08-13 20:03:47 PT) - Current PT time: 2025-08-13 20:03:47
[INFO] 2025-08-14 03:03:47 UTC (2025-08-13 20:03:47 PT) - Requesting ALL historical trapping data through 08/14/2025 for all of our FINS facilities
[INFO] 2025-08-14 03:04:25 UTC (2025-08-13 20:04:25 PT) - Downloaded 31971 rows of data
[INFO] 2025-08-14 03:04:25 UTC (2025-08-13 20:04:25 PT) - Columns: Finalize, Verify, Follow-Up, Trapped Date, Is Import, Facility, Trap, Trap Is Offsite, Trapping Session Name, Target Species, Target Run, Trapping Session Comments, Fish ID, Count, Species, Run, Sex, Origin, Origin Expression, Origin Description, Origin Start Date, Origin End Date, Origin Creator, Origin Creation Date, Living Status, Length, Age Designation, Age Calculated, Age Criteria Start Length, Age Criteria End Length, Age Criteria Start Date, Age Criteria End Date, Moved To Facility, Moved To, Moved To Location Type, Moved To Is Offsite, Offsite Owner Facility, Offsite Location Latitude, Offsite Location Longitude, Offsite Location Description, Disposition, Release Site, Release Site Latitude, Release Site Longitude, Purpose, Existing Marks, Existing Marks Quantity, Applied Marks, Applied Marks Quantity, Existing Tags, Applied Tags, Existing CWT, Existing CWT Value, Applied CWT, Applied CWT Value, Existing PIT, Applied PIT, Samples, Conditions, Recap, Injected, Weight, Notes, Group Notes, Import Custom
[INFO] 2025-08-14 03:04:25 UTC (2025-08-13 20:04:25 PT) - Successfully saved file: data/TrappingData.csv - Size: 18412806 bytes
[INFO] 2025-08-14 03:04:25 UTC (2025-08-13 20:04:25 PT) - Data summary:
[INFO] 2025-08-14 03:04:25 UTC (2025-08-13 20:04:25 PT) -   Date range: 03/13/2000 to 08/13/2025
[INFO] 2025-08-14 03:04:25 UTC (2025-08-13 20:04:25 PT) -   Total records: 31971
[INFO] 2025-08-14 03:04:25 UTC (2025-08-13 20:04:25 PT) - Download completed successfully
[INFO] 2025-08-15 03:06:11 UTC (2025-08-14 20:06:11 PT) - Starting nightly FINS trapping data download
[INFO] 2025-08-15 03:06:11 UTC (2025-08-14 20:06:11 PT) - API key found
[INFO] 2025-08-15 03:06:11 UTC (2025-08-14 20:06:11 PT) - Current PT time: 2025-08-14 20:06:11
[INFO] 2025-08-15 03:06:11 UTC (2025-08-14 20:06:11 PT) - Requesting ALL historical trapping data through 08/15/2025 for all of our FINS facilities
[INFO] 2025-08-15 03:06:58 UTC (2025-08-14 20:06:58 PT) - Downloaded 31971 rows of data
[INFO] 2025-08-15 03:06:58 UTC (2025-08-14 20:06:58 PT) - Columns: Finalize, Verify, Follow-Up, Trapped Date, Is Import, Facility, Trap, Trap Is Offsite, Trapping Session Name, Target Species, Target Run, Trapping Session Comments, Fish ID, Count, Species, Run, Sex, Origin, Origin Expression, Origin Description, Origin Start Date, Origin End Date, Origin Creator, Origin Creation Date, Living Status, Length, Age Designation, Age Calculated, Age Criteria Start Length, Age Criteria End Length, Age Criteria Start Date, Age Criteria End Date, Moved To Facility, Moved To, Moved To Location Type, Moved To Is Offsite, Offsite Owner Facility, Offsite Location Latitude, Offsite Location Longitude, Offsite Location Description, Disposition, Release Site, Release Site Latitude, Release Site Longitude, Purpose, Existing Marks, Existing Marks Quantity, Applied Marks, Applied Marks Quantity, Existing Tags, Applied Tags, Existing CWT, Existing CWT Value, Applied CWT, Applied CWT Value, Existing PIT, Applied PIT, Samples, Conditions, Recap, Injected, Weight, Notes, Group Notes, Import Custom
[INFO] 2025-08-15 03:06:58 UTC (2025-08-14 20:06:58 PT) - Successfully saved file: data/TrappingData.csv - Size: 18412806 bytes
[INFO] 2025-08-15 03:06:58 UTC (2025-08-14 20:06:58 PT) - Data summary:
[INFO] 2025-08-15 03:06:58 UTC (2025-08-14 20:06:58 PT) -   Date range: 03/13/2000 to 08/13/2025
[INFO] 2025-08-15 03:06:58 UTC (2025-08-14 20:06:58 PT) -   Total records: 31971
[INFO] 2025-08-15 03:06:58 UTC (2025-08-14 20:06:58 PT) - Download completed successfully
[INFO] 2025-08-16 02:56:18 UTC (2025-08-15 19:56:18 PT) - Starting nightly FINS trapping data download
[INFO] 2025-08-16 02:56:18 UTC (2025-08-15 19:56:18 PT) - API key found
[INFO] 2025-08-16 02:56:18 UTC (2025-08-15 19:56:18 PT) - Current PT time: 2025-08-15 19:56:18
[INFO] 2025-08-16 02:56:18 UTC (2025-08-15 19:56:18 PT) - Requesting ALL historical trapping data through 08/16/2025 for all of our FINS facilities
[INFO] 2025-08-16 02:56:59 UTC (2025-08-15 19:56:59 PT) - Downloaded 31971 rows of data
[INFO] 2025-08-16 02:56:59 UTC (2025-08-15 19:56:59 PT) - Columns: Finalize, Verify, Follow-Up, Trapped Date, Is Import, Facility, Trap, Trap Is Offsite, Trapping Session Name, Target Species, Target Run, Trapping Session Comments, Fish ID, Count, Species, Run, Sex, Origin, Origin Expression, Origin Description, Origin Start Date, Origin End Date, Origin Creator, Origin Creation Date, Living Status, Length, Age Designation, Age Calculated, Age Criteria Start Length, Age Criteria End Length, Age Criteria Start Date, Age Criteria End Date, Moved To Facility, Moved To, Moved To Location Type, Moved To Is Offsite, Offsite Owner Facility, Offsite Location Latitude, Offsite Location Longitude, Offsite Location Description, Disposition, Release Site, Release Site Latitude, Release Site Longitude, Purpose, Existing Marks, Existing Marks Quantity, Applied Marks, Applied Marks Quantity, Existing Tags, Applied Tags, Existing CWT, Existing CWT Value, Applied CWT, Applied CWT Value, Existing PIT, Applied PIT, Samples, Conditions, Recap, Injected, Weight, Notes, Group Notes, Import Custom
[INFO] 2025-08-16 02:56:59 UTC (2025-08-15 19:56:59 PT) - Successfully saved file: data/TrappingData.csv - Size: 18412806 bytes
[INFO] 2025-08-16 02:56:59 UTC (2025-08-15 19:56:59 PT) - Data summary:
[INFO] 2025-08-16 02:56:59 UTC (2025-08-15 19:56:59 PT) -   Date range: 03/13/2000 to 08/13/2025
[INFO] 2025-08-16 02:56:59 UTC (2025-08-15 19:56:59 PT) -   Total records: 31971
[INFO] 2025-08-16 02:56:59 UTC (2025-08-15 19:56:59 PT) - Download completed successfully
[INFO] 2025-08-17 03:10:54 UTC (2025-08-16 20:10:54 PT) - Starting nightly FINS trapping data download
[INFO] 2025-08-17 03:10:54 UTC (2025-08-16 20:10:54 PT) - API key found
[INFO] 2025-08-17 03:10:54 UTC (2025-08-16 20:10:54 PT) - Current PT time: 2025-08-16 20:10:54
[INFO] 2025-08-17 03:10:54 UTC (2025-08-16 20:10:54 PT) - Requesting ALL historical trapping data through 08/17/2025 for all of our FINS facilities
[INFO] 2025-08-17 03:11:38 UTC (2025-08-16 20:11:38 PT) - Downloaded 31971 rows of data
[INFO] 2025-08-17 03:11:38 UTC (2025-08-16 20:11:38 PT) - Columns: Finalize, Verify, Follow-Up, Trapped Date, Is Import, Facility, Trap, Trap Is Offsite, Trapping Session Name, Target Species, Target Run, Trapping Session Comments, Fish ID, Count, Species, Run, Sex, Origin, Origin Expression, Origin Description, Origin Start Date, Origin End Date, Origin Creator, Origin Creation Date, Living Status, Length, Age Designation, Age Calculated, Age Criteria Start Length, Age Criteria End Length, Age Criteria Start Date, Age Criteria End Date, Moved To Facility, Moved To, Moved To Location Type, Moved To Is Offsite, Offsite Owner Facility, Offsite Location Latitude, Offsite Location Longitude, Offsite Location Description, Disposition, Release Site, Release Site Latitude, Release Site Longitude, Purpose, Existing Marks, Existing Marks Quantity, Applied Marks, Applied Marks Quantity, Existing Tags, Applied Tags, Existing CWT, Existing CWT Value, Applied CWT, Applied CWT Value, Existing PIT, Applied PIT, Samples, Conditions, Recap, Injected, Weight, Notes, Group Notes, Import Custom
[INFO] 2025-08-17 03:11:38 UTC (2025-08-16 20:11:38 PT) - Successfully saved file: data/TrappingData.csv - Size: 18412806 bytes
[INFO] 2025-08-17 03:11:38 UTC (2025-08-16 20:11:38 PT) - Data summary:
[INFO] 2025-08-17 03:11:38 UTC (2025-08-16 20:11:38 PT) -   Date range: 03/13/2000 to 08/13/2025
[INFO] 2025-08-17 03:11:38 UTC (2025-08-16 20:11:38 PT) -   Total records: 31971
[INFO] 2025-08-17 03:11:38 UTC (2025-08-16 20:11:38 PT) - Download completed successfully
[INFO] 2025-08-18 03:15:19 UTC (2025-08-17 20:15:19 PT) - Starting nightly FINS trapping data download
[INFO] 2025-08-18 03:15:19 UTC (2025-08-17 20:15:19 PT) - API key found
[INFO] 2025-08-18 03:15:19 UTC (2025-08-17 20:15:19 PT) - Current PT time: 2025-08-17 20:15:19
[INFO] 2025-08-18 03:15:19 UTC (2025-08-17 20:15:19 PT) - Requesting ALL historical trapping data through 08/18/2025 for all of our FINS facilities
[INFO] 2025-08-18 03:16:00 UTC (2025-08-17 20:16:00 PT) - Downloaded 31971 rows of data
[INFO] 2025-08-18 03:16:00 UTC (2025-08-17 20:16:00 PT) - Columns: Finalize, Verify, Follow-Up, Trapped Date, Is Import, Facility, Trap, Trap Is Offsite, Trapping Session Name, Target Species, Target Run, Trapping Session Comments, Fish ID, Count, Species, Run, Sex, Origin, Origin Expression, Origin Description, Origin Start Date, Origin End Date, Origin Creator, Origin Creation Date, Living Status, Length, Age Designation, Age Calculated, Age Criteria Start Length, Age Criteria End Length, Age Criteria Start Date, Age Criteria End Date, Moved To Facility, Moved To, Moved To Location Type, Moved To Is Offsite, Offsite Owner Facility, Offsite Location Latitude, Offsite Location Longitude, Offsite Location Description, Disposition, Release Site, Release Site Latitude, Release Site Longitude, Purpose, Existing Marks, Existing Marks Quantity, Applied Marks, Applied Marks Quantity, Existing Tags, Applied Tags, Existing CWT, Existing CWT Value, Applied CWT, Applied CWT Value, Existing PIT, Applied PIT, Samples, Conditions, Recap, Injected, Weight, Notes, Group Notes, Import Custom
[INFO] 2025-08-18 03:16:01 UTC (2025-08-17 20:16:01 PT) - Successfully saved file: data/TrappingData.csv - Size: 18412806 bytes
[INFO] 2025-08-18 03:16:01 UTC (2025-08-17 20:16:01 PT) - Data summary:
[INFO] 2025-08-18 03:16:01 UTC (2025-08-17 20:16:01 PT) -   Date range: 03/13/2000 to 08/13/2025
[INFO] 2025-08-18 03:16:01 UTC (2025-08-17 20:16:01 PT) -   Total records: 31971
[INFO] 2025-08-18 03:16:01 UTC (2025-08-17 20:16:01 PT) - Download completed successfully
[INFO] 2025-08-19 02:53:06 UTC (2025-08-18 19:53:06 PT) - Starting nightly FINS trapping data download
[INFO] 2025-08-19 02:53:06 UTC (2025-08-18 19:53:06 PT) - API key found
[INFO] 2025-08-19 02:53:06 UTC (2025-08-18 19:53:06 PT) - Current PT time: 2025-08-18 19:53:06
[INFO] 2025-08-19 02:53:06 UTC (2025-08-18 19:53:06 PT) - Requesting ALL historical trapping data through 08/19/2025 for all of our FINS facilities
[INFO] 2025-08-19 02:53:53 UTC (2025-08-18 19:53:53 PT) - Downloaded 31971 rows of data
[INFO] 2025-08-19 02:53:53 UTC (2025-08-18 19:53:53 PT) - Columns: Finalize, Verify, Follow-Up, Trapped Date, Is Import, Facility, Trap, Trap Is Offsite, Trapping Session Name, Target Species, Target Run, Trapping Session Comments, Fish ID, Count, Species, Run, Sex, Origin, Origin Expression, Origin Description, Origin Start Date, Origin End Date, Origin Creator, Origin Creation Date, Living Status, Length, Age Designation, Age Calculated, Age Criteria Start Length, Age Criteria End Length, Age Criteria Start Date, Age Criteria End Date, Moved To Facility, Moved To, Moved To Location Type, Moved To Is Offsite, Offsite Owner Facility, Offsite Location Latitude, Offsite Location Longitude, Offsite Location Description, Disposition, Release Site, Release Site Latitude, Release Site Longitude, Purpose, Existing Marks, Existing Marks Quantity, Applied Marks, Applied Marks Quantity, Existing Tags, Applied Tags, Existing CWT, Existing CWT Value, Applied CWT, Applied CWT Value, Existing PIT, Applied PIT, Samples, Conditions, Recap, Injected, Weight, Notes, Group Notes, Import Custom
[INFO] 2025-08-19 02:53:53 UTC (2025-08-18 19:53:53 PT) - Successfully saved file: data/TrappingData.csv - Size: 18412806 bytes
[INFO] 2025-08-19 02:53:53 UTC (2025-08-18 19:53:53 PT) - Data summary:
[INFO] 2025-08-19 02:53:53 UTC (2025-08-18 19:53:53 PT) -   Date range: 03/13/2000 to 08/13/2025
[INFO] 2025-08-19 02:53:53 UTC (2025-08-18 19:53:53 PT) -   Total records: 31971
[INFO] 2025-08-19 02:53:53 UTC (2025-08-18 19:53:53 PT) - Download completed successfully
[INFO] 2025-08-20 02:52:10 UTC (2025-08-19 19:52:10 PT) - Starting nightly FINS trapping data download
[INFO] 2025-08-20 02:52:10 UTC (2025-08-19 19:52:10 PT) - API key found
[INFO] 2025-08-20 02:52:10 UTC (2025-08-19 19:52:10 PT) - Current PT time: 2025-08-19 19:52:10
[INFO] 2025-08-20 02:52:10 UTC (2025-08-19 19:52:10 PT) - Requesting ALL historical trapping data through 08/20/2025 for all of our FINS facilities
[INFO] 2025-08-20 02:52:54 UTC (2025-08-19 19:52:54 PT) - Downloaded 31987 rows of data
[INFO] 2025-08-20 02:52:54 UTC (2025-08-19 19:52:54 PT) - Columns: Finalize, Verify, Follow-Up, Trapped Date, Is Import, Facility, Trap, Trap Is Offsite, Trapping Session Name, Target Species, Target Run, Trapping Session Comments, Fish ID, Count, Species, Run, Sex, Origin, Origin Expression, Origin Description, Origin Start Date, Origin End Date, Origin Creator, Origin Creation Date, Living Status, Length, Age Designation, Age Calculated, Age Criteria Start Length, Age Criteria End Length, Age Criteria Start Date, Age Criteria End Date, Moved To Facility, Moved To, Moved To Location Type, Moved To Is Offsite, Offsite Owner Facility, Offsite Location Latitude, Offsite Location Longitude, Offsite Location Description, Disposition, Release Site, Release Site Latitude, Release Site Longitude, Purpose, Existing Marks, Existing Marks Quantity, Applied Marks, Applied Marks Quantity, Existing Tags, Applied Tags, Existing CWT, Existing CWT Value, Applied CWT, Applied CWT Value, Existing PIT, Applied PIT, Samples, Conditions, Recap, Injected, Weight, Notes, Group Notes, Import Custom
[INFO] 2025-08-20 02:52:54 UTC (2025-08-19 19:52:54 PT) - Successfully saved file: data/TrappingData.csv - Size: 18421901 bytes
[INFO] 2025-08-20 02:52:54 UTC (2025-08-19 19:52:54 PT) - Data summary:
[INFO] 2025-08-20 02:52:54 UTC (2025-08-19 19:52:54 PT) -   Date range: 03/13/2000 to 08/18/2025
[INFO] 2025-08-20 02:52:54 UTC (2025-08-19 19:52:54 PT) -   Total records: 31987
[INFO] 2025-08-20 02:52:54 UTC (2025-08-19 19:52:54 PT) - Download completed successfully
[INFO] 2025-08-21 02:53:40 UTC (2025-08-20 19:53:40 PT) - Starting nightly FINS trapping data download
[INFO] 2025-08-21 02:53:40 UTC (2025-08-20 19:53:40 PT) - API key found
[INFO] 2025-08-21 02:53:40 UTC (2025-08-20 19:53:40 PT) - Current PT time: 2025-08-20 19:53:40
[INFO] 2025-08-21 02:53:40 UTC (2025-08-20 19:53:40 PT) - Requesting ALL historical trapping data through 08/21/2025 for all of our FINS facilities
[INFO] 2025-08-21 02:54:22 UTC (2025-08-20 19:54:22 PT) - Downloaded 31987 rows of data
[INFO] 2025-08-21 02:54:22 UTC (2025-08-20 19:54:22 PT) - Columns: Finalize, Verify, Follow-Up, Trapped Date, Is Import, Facility, Trap, Trap Is Offsite, Trapping Session Name, Target Species, Target Run, Trapping Session Comments, Fish ID, Count, Species, Run, Sex, Origin, Origin Expression, Origin Description, Origin Start Date, Origin End Date, Origin Creator, Origin Creation Date, Living Status, Length, Age Designation, Age Calculated, Age Criteria Start Length, Age Criteria End Length, Age Criteria Start Date, Age Criteria End Date, Moved To Facility, Moved To, Moved To Location Type, Moved To Is Offsite, Offsite Owner Facility, Offsite Location Latitude, Offsite Location Longitude, Offsite Location Description, Disposition, Release Site, Release Site Latitude, Release Site Longitude, Purpose, Existing Marks, Existing Marks Quantity, Applied Marks, Applied Marks Quantity, Existing Tags, Applied Tags, Existing CWT, Existing CWT Value, Applied CWT, Applied CWT Value, Existing PIT, Applied PIT, Samples, Conditions, Recap, Injected, Weight, Notes, Group Notes, Import Custom
[INFO] 2025-08-21 02:54:22 UTC (2025-08-20 19:54:22 PT) - Successfully saved file: data/TrappingData.csv - Size: 18421901 bytes
[INFO] 2025-08-21 02:54:22 UTC (2025-08-20 19:54:22 PT) - Data summary:
[INFO] 2025-08-21 02:54:22 UTC (2025-08-20 19:54:22 PT) -   Date range: 03/13/2000 to 08/18/2025
[INFO] 2025-08-21 02:54:22 UTC (2025-08-20 19:54:22 PT) -   Total records: 31987
[INFO] 2025-08-21 02:54:22 UTC (2025-08-20 19:54:22 PT) - Download completed successfully
[INFO] 2025-08-22 02:50:36 UTC (2025-08-21 19:50:36 PT) - Starting nightly FINS trapping data download
[INFO] 2025-08-22 02:50:36 UTC (2025-08-21 19:50:36 PT) - API key found
[INFO] 2025-08-22 02:50:36 UTC (2025-08-21 19:50:36 PT) - Current PT time: 2025-08-21 19:50:36
[INFO] 2025-08-22 02:50:36 UTC (2025-08-21 19:50:36 PT) - Requesting ALL historical trapping data through 08/22/2025 for all of our FINS facilities
[INFO] 2025-08-22 02:51:21 UTC (2025-08-21 19:51:21 PT) - Downloaded 32004 rows of data
[INFO] 2025-08-22 02:51:21 UTC (2025-08-21 19:51:21 PT) - Columns: Finalize, Verify, Follow-Up, Trapped Date, Is Import, Facility, Trap, Trap Is Offsite, Trapping Session Name, Target Species, Target Run, Trapping Session Comments, Fish ID, Count, Species, Run, Sex, Origin, Origin Expression, Origin Description, Origin Start Date, Origin End Date, Origin Creator, Origin Creation Date, Living Status, Length, Age Designation, Age Calculated, Age Criteria Start Length, Age Criteria End Length, Age Criteria Start Date, Age Criteria End Date, Moved To Facility, Moved To, Moved To Location Type, Moved To Is Offsite, Offsite Owner Facility, Offsite Location Latitude, Offsite Location Longitude, Offsite Location Description, Disposition, Release Site, Release Site Latitude, Release Site Longitude, Purpose, Existing Marks, Existing Marks Quantity, Applied Marks, Applied Marks Quantity, Existing Tags, Applied Tags, Existing CWT, Existing CWT Value, Applied CWT, Applied CWT Value, Existing PIT, Applied PIT, Samples, Conditions, Recap, Injected, Weight, Notes, Group Notes, Import Custom
[INFO] 2025-08-22 02:51:21 UTC (2025-08-21 19:51:21 PT) - Successfully saved file: data/TrappingData.csv - Size: 18431570 bytes
[INFO] 2025-08-22 02:51:21 UTC (2025-08-21 19:51:21 PT) - Data summary:
[INFO] 2025-08-22 02:51:21 UTC (2025-08-21 19:51:21 PT) -   Date range: 03/13/2000 to 08/21/2025
[INFO] 2025-08-22 02:51:21 UTC (2025-08-21 19:51:21 PT) -   Total records: 32004
[INFO] 2025-08-22 02:51:21 UTC (2025-08-21 19:51:21 PT) - Download completed successfully
[INFO] 2025-08-23 02:47:01 UTC (2025-08-22 19:47:01 PT) - Starting nightly FINS trapping data download
[INFO] 2025-08-23 02:47:01 UTC (2025-08-22 19:47:01 PT) - API key found
[INFO] 2025-08-23 02:47:01 UTC (2025-08-22 19:47:01 PT) - Current PT time: 2025-08-22 19:47:01
[INFO] 2025-08-23 02:47:01 UTC (2025-08-22 19:47:01 PT) - Requesting ALL historical trapping data through 08/23/2025 for all of our FINS facilities
[INFO] 2025-08-23 02:47:41 UTC (2025-08-22 19:47:41 PT) - Downloaded 32004 rows of data
[INFO] 2025-08-23 02:47:41 UTC (2025-08-22 19:47:41 PT) - Columns: Finalize, Verify, Follow-Up, Trapped Date, Is Import, Facility, Trap, Trap Is Offsite, Trapping Session Name, Target Species, Target Run, Trapping Session Comments, Fish ID, Count, Species, Run, Sex, Origin, Origin Expression, Origin Description, Origin Start Date, Origin End Date, Origin Creator, Origin Creation Date, Living Status, Length, Age Designation, Age Calculated, Age Criteria Start Length, Age Criteria End Length, Age Criteria Start Date, Age Criteria End Date, Moved To Facility, Moved To, Moved To Location Type, Moved To Is Offsite, Offsite Owner Facility, Offsite Location Latitude, Offsite Location Longitude, Offsite Location Description, Disposition, Release Site, Release Site Latitude, Release Site Longitude, Purpose, Existing Marks, Existing Marks Quantity, Applied Marks, Applied Marks Quantity, Existing Tags, Applied Tags, Existing CWT, Existing CWT Value, Applied CWT, Applied CWT Value, Existing PIT, Applied PIT, Samples, Conditions, Recap, Injected, Weight, Notes, Group Notes, Import Custom
[INFO] 2025-08-23 02:47:41 UTC (2025-08-22 19:47:41 PT) - Successfully saved file: data/TrappingData.csv - Size: 18431570 bytes
[INFO] 2025-08-23 02:47:41 UTC (2025-08-22 19:47:41 PT) - Data summary:
[INFO] 2025-08-23 02:47:42 UTC (2025-08-22 19:47:42 PT) -   Date range: 03/13/2000 to 08/21/2025
[INFO] 2025-08-23 02:47:42 UTC (2025-08-22 19:47:42 PT) -   Total records: 32004
[INFO] 2025-08-23 02:47:42 UTC (2025-08-22 19:47:42 PT) - Download completed successfully
[INFO] 2025-08-24 03:00:27 UTC (2025-08-23 20:00:27 PT) - Starting nightly FINS trapping data download
[INFO] 2025-08-24 03:00:27 UTC (2025-08-23 20:00:27 PT) - API key found
[INFO] 2025-08-24 03:00:27 UTC (2025-08-23 20:00:27 PT) - Current PT time: 2025-08-23 20:00:27
[INFO] 2025-08-24 03:00:27 UTC (2025-08-23 20:00:27 PT) - Requesting ALL historical trapping data through 08/24/2025 for all of our FINS facilities
[INFO] 2025-08-24 03:01:11 UTC (2025-08-23 20:01:11 PT) - Downloaded 32004 rows of data
[INFO] 2025-08-24 03:01:11 UTC (2025-08-23 20:01:11 PT) - Columns: Finalize, Verify, Follow-Up, Trapped Date, Is Import, Facility, Trap, Trap Is Offsite, Trapping Session Name, Target Species, Target Run, Trapping Session Comments, Fish ID, Count, Species, Run, Sex, Origin, Origin Expression, Origin Description, Origin Start Date, Origin End Date, Origin Creator, Origin Creation Date, Living Status, Length, Age Designation, Age Calculated, Age Criteria Start Length, Age Criteria End Length, Age Criteria Start Date, Age Criteria End Date, Moved To Facility, Moved To, Moved To Location Type, Moved To Is Offsite, Offsite Owner Facility, Offsite Location Latitude, Offsite Location Longitude, Offsite Location Description, Disposition, Release Site, Release Site Latitude, Release Site Longitude, Purpose, Existing Marks, Existing Marks Quantity, Applied Marks, Applied Marks Quantity, Existing Tags, Applied Tags, Existing CWT, Existing CWT Value, Applied CWT, Applied CWT Value, Existing PIT, Applied PIT, Samples, Conditions, Recap, Injected, Weight, Notes, Group Notes, Import Custom
[INFO] 2025-08-24 03:01:11 UTC (2025-08-23 20:01:11 PT) - Successfully saved file: data/TrappingData.csv - Size: 18431570 bytes
[INFO] 2025-08-24 03:01:11 UTC (2025-08-23 20:01:11 PT) - Data summary:
[INFO] 2025-08-24 03:01:11 UTC (2025-08-23 20:01:11 PT) -   Date range: 03/13/2000 to 08/21/2025
[INFO] 2025-08-24 03:01:11 UTC (2025-08-23 20:01:11 PT) -   Total records: 32004
[INFO] 2025-08-24 03:01:11 UTC (2025-08-23 20:01:11 PT) - Download completed successfully
[INFO] 2025-08-25 02:57:33 UTC (2025-08-24 19:57:33 PT) - Starting nightly FINS trapping data download
[INFO] 2025-08-25 02:57:33 UTC (2025-08-24 19:57:33 PT) - API key found
[INFO] 2025-08-25 02:57:33 UTC (2025-08-24 19:57:33 PT) - Current PT time: 2025-08-24 19:57:33
[INFO] 2025-08-25 02:57:33 UTC (2025-08-24 19:57:33 PT) - Requesting ALL historical trapping data through 08/25/2025 for all of our FINS facilities
[INFO] 2025-08-25 02:58:15 UTC (2025-08-24 19:58:15 PT) - Downloaded 32004 rows of data
[INFO] 2025-08-25 02:58:15 UTC (2025-08-24 19:58:15 PT) - Columns: Finalize, Verify, Follow-Up, Trapped Date, Is Import, Facility, Trap, Trap Is Offsite, Trapping Session Name, Target Species, Target Run, Trapping Session Comments, Fish ID, Count, Species, Run, Sex, Origin, Origin Expression, Origin Description, Origin Start Date, Origin End Date, Origin Creator, Origin Creation Date, Living Status, Length, Age Designation, Age Calculated, Age Criteria Start Length, Age Criteria End Length, Age Criteria Start Date, Age Criteria End Date, Moved To Facility, Moved To, Moved To Location Type, Moved To Is Offsite, Offsite Owner Facility, Offsite Location Latitude, Offsite Location Longitude, Offsite Location Description, Disposition, Release Site, Release Site Latitude, Release Site Longitude, Purpose, Existing Marks, Existing Marks Quantity, Applied Marks, Applied Marks Quantity, Existing Tags, Applied Tags, Existing CWT, Existing CWT Value, Applied CWT, Applied CWT Value, Existing PIT, Applied PIT, Samples, Conditions, Recap, Injected, Weight, Notes, Group Notes, Import Custom
[INFO] 2025-08-25 02:58:15 UTC (2025-08-24 19:58:15 PT) - Successfully saved file: data/TrappingData.csv - Size: 18431570 bytes
[INFO] 2025-08-25 02:58:15 UTC (2025-08-24 19:58:15 PT) - Data summary:
[INFO] 2025-08-25 02:58:15 UTC (2025-08-24 19:58:15 PT) -   Date range: 03/13/2000 to 08/21/2025
[INFO] 2025-08-25 02:58:15 UTC (2025-08-24 19:58:15 PT) -   Total records: 32004
[INFO] 2025-08-25 02:58:15 UTC (2025-08-24 19:58:15 PT) - Download completed successfully
[INFO] 2025-08-26 02:52:55 UTC (2025-08-25 19:52:55 PT) - Starting nightly FINS trapping data download
[INFO] 2025-08-26 02:52:55 UTC (2025-08-25 19:52:55 PT) - API key found
[INFO] 2025-08-26 02:52:55 UTC (2025-08-25 19:52:55 PT) - Current PT time: 2025-08-25 19:52:55
[INFO] 2025-08-26 02:52:55 UTC (2025-08-25 19:52:55 PT) - Requesting ALL historical trapping data through 08/26/2025 for all of our FINS facilities
[INFO] 2025-08-26 02:53:36 UTC (2025-08-25 19:53:36 PT) - Downloaded 32004 rows of data
[INFO] 2025-08-26 02:53:36 UTC (2025-08-25 19:53:36 PT) - Columns: Finalize, Verify, Follow-Up, Trapped Date, Is Import, Facility, Trap, Trap Is Offsite, Trapping Session Name, Target Species, Target Run, Trapping Session Comments, Fish ID, Count, Species, Run, Sex, Origin, Origin Expression, Origin Description, Origin Start Date, Origin End Date, Origin Creator, Origin Creation Date, Living Status, Length, Age Designation, Age Calculated, Age Criteria Start Length, Age Criteria End Length, Age Criteria Start Date, Age Criteria End Date, Moved To Facility, Moved To, Moved To Location Type, Moved To Is Offsite, Offsite Owner Facility, Offsite Location Latitude, Offsite Location Longitude, Offsite Location Description, Disposition, Release Site, Release Site Latitude, Release Site Longitude, Purpose, Existing Marks, Existing Marks Quantity, Applied Marks, Applied Marks Quantity, Existing Tags, Applied Tags, Existing CWT, Existing CWT Value, Applied CWT, Applied CWT Value, Existing PIT, Applied PIT, Samples, Conditions, Recap, Injected, Weight, Notes, Group Notes, Import Custom
[INFO] 2025-08-26 02:53:37 UTC (2025-08-25 19:53:37 PT) - Successfully saved file: data/TrappingData.csv - Size: 18431570 bytes
[INFO] 2025-08-26 02:53:37 UTC (2025-08-25 19:53:37 PT) - Data summary:
[INFO] 2025-08-26 02:53:37 UTC (2025-08-25 19:53:37 PT) -   Date range: 03/13/2000 to 08/21/2025
[INFO] 2025-08-26 02:53:37 UTC (2025-08-25 19:53:37 PT) -   Total records: 32004
[INFO] 2025-08-26 02:53:37 UTC (2025-08-25 19:53:37 PT) - Download completed successfully
[INFO] 2025-08-27 02:45:30 UTC (2025-08-26 19:45:30 PT) - Starting nightly FINS trapping data download
[INFO] 2025-08-27 02:45:30 UTC (2025-08-26 19:45:30 PT) - API key found
[INFO] 2025-08-27 02:45:30 UTC (2025-08-26 19:45:30 PT) - Current PT time: 2025-08-26 19:45:30
[INFO] 2025-08-27 02:45:30 UTC (2025-08-26 19:45:30 PT) - Requesting ALL historical trapping data through 08/27/2025 for all of our FINS facilities
[INFO] 2025-08-27 02:46:12 UTC (2025-08-26 19:46:12 PT) - Downloaded 32041 rows of data
[INFO] 2025-08-27 02:46:12 UTC (2025-08-26 19:46:12 PT) - Columns: Finalize, Verify, Follow-Up, Trapped Date, Is Import, Facility, Trap, Trap Is Offsite, Trapping Session Name, Target Species, Target Run, Trapping Session Comments, Fish ID, Count, Species, Run, Sex, Origin, Origin Expression, Origin Description, Origin Start Date, Origin End Date, Origin Creator, Origin Creation Date, Living Status, Length, Age Designation, Age Calculated, Age Criteria Start Length, Age Criteria End Length, Age Criteria Start Date, Age Criteria End Date, Moved To Facility, Moved To, Moved To Location Type, Moved To Is Offsite, Offsite Owner Facility, Offsite Location Latitude, Offsite Location Longitude, Offsite Location Description, Disposition, Release Site, Release Site Latitude, Release Site Longitude, Purpose, Existing Marks, Existing Marks Quantity, Applied Marks, Applied Marks Quantity, Existing Tags, Applied Tags, Existing CWT, Existing CWT Value, Applied CWT, Applied CWT Value, Existing PIT, Applied PIT, Samples, Conditions, Recap, Injected, Weight, Notes, Group Notes, Import Custom
[INFO] 2025-08-27 02:46:12 UTC (2025-08-26 19:46:12 PT) - Successfully saved file: data/TrappingData.csv - Size: 18452748 bytes
[INFO] 2025-08-27 02:46:12 UTC (2025-08-26 19:46:12 PT) - Data summary:
[INFO] 2025-08-27 02:46:12 UTC (2025-08-26 19:46:12 PT) -   Date range: 03/13/2000 to 08/26/2025
[INFO] 2025-08-27 02:46:12 UTC (2025-08-26 19:46:12 PT) -   Total records: 32041
[INFO] 2025-08-27 02:46:12 UTC (2025-08-26 19:46:12 PT) - Download completed successfully
[INFO] 2025-08-28 03:12:06 UTC (2025-08-27 20:12:06 PT) - Starting nightly FINS trapping data download
[INFO] 2025-08-28 03:12:06 UTC (2025-08-27 20:12:06 PT) - API key found
[INFO] 2025-08-28 03:12:06 UTC (2025-08-27 20:12:06 PT) - Current PT time: 2025-08-27 20:12:06
[INFO] 2025-08-28 03:12:06 UTC (2025-08-27 20:12:06 PT) - Requesting ALL historical trapping data through 08/28/2025 for all of our FINS facilities
[INFO] 2025-08-28 03:12:47 UTC (2025-08-27 20:12:47 PT) - Downloaded 32041 rows of data
[INFO] 2025-08-28 03:12:47 UTC (2025-08-27 20:12:47 PT) - Columns: Finalize, Verify, Follow-Up, Trapped Date, Is Import, Facility, Trap, Trap Is Offsite, Trapping Session Name, Target Species, Target Run, Trapping Session Comments, Fish ID, Count, Species, Run, Sex, Origin, Origin Expression, Origin Description, Origin Start Date, Origin End Date, Origin Creator, Origin Creation Date, Living Status, Length, Age Designation, Age Calculated, Age Criteria Start Length, Age Criteria End Length, Age Criteria Start Date, Age Criteria End Date, Moved To Facility, Moved To, Moved To Location Type, Moved To Is Offsite, Offsite Owner Facility, Offsite Location Latitude, Offsite Location Longitude, Offsite Location Description, Disposition, Release Site, Release Site Latitude, Release Site Longitude, Purpose, Existing Marks, Existing Marks Quantity, Applied Marks, Applied Marks Quantity, Existing Tags, Applied Tags, Existing CWT, Existing CWT Value, Applied CWT, Applied CWT Value, Existing PIT, Applied PIT, Samples, Conditions, Recap, Injected, Weight, Notes, Group Notes, Import Custom
[INFO] 2025-08-28 03:12:47 UTC (2025-08-27 20:12:47 PT) - Successfully saved file: data/TrappingData.csv - Size: 18452748 bytes
[INFO] 2025-08-28 03:12:47 UTC (2025-08-27 20:12:47 PT) - Data summary:
[INFO] 2025-08-28 03:12:47 UTC (2025-08-27 20:12:47 PT) -   Date range: 03/13/2000 to 08/26/2025
[INFO] 2025-08-28 03:12:47 UTC (2025-08-27 20:12:47 PT) -   Total records: 32041
[INFO] 2025-08-28 03:12:47 UTC (2025-08-27 20:12:47 PT) - Download completed successfully
[INFO] 2025-08-29 02:45:59 UTC (2025-08-28 19:45:59 PT) - Starting nightly FINS trapping data download
[INFO] 2025-08-29 02:45:59 UTC (2025-08-28 19:45:59 PT) - API key found
[INFO] 2025-08-29 02:45:59 UTC (2025-08-28 19:45:59 PT) - Current PT time: 2025-08-28 19:45:59
[INFO] 2025-08-29 02:45:59 UTC (2025-08-28 19:45:59 PT) - Requesting ALL historical trapping data through 08/29/2025 for all of our FINS facilities
[INFO] 2025-08-29 02:46:42 UTC (2025-08-28 19:46:42 PT) - Downloaded 32041 rows of data
[INFO] 2025-08-29 02:46:42 UTC (2025-08-28 19:46:42 PT) - Columns: Finalize, Verify, Follow-Up, Trapped Date, Is Import, Facility, Trap, Trap Is Offsite, Trapping Session Name, Target Species, Target Run, Trapping Session Comments, Fish ID, Count, Species, Run, Sex, Origin, Origin Expression, Origin Description, Origin Start Date, Origin End Date, Origin Creator, Origin Creation Date, Living Status, Length, Age Designation, Age Calculated, Age Criteria Start Length, Age Criteria End Length, Age Criteria Start Date, Age Criteria End Date, Moved To Facility, Moved To, Moved To Location Type, Moved To Is Offsite, Offsite Owner Facility, Offsite Location Latitude, Offsite Location Longitude, Offsite Location Description, Disposition, Release Site, Release Site Latitude, Release Site Longitude, Purpose, Existing Marks, Existing Marks Quantity, Applied Marks, Applied Marks Quantity, Existing Tags, Applied Tags, Existing CWT, Existing CWT Value, Applied CWT, Applied CWT Value, Existing PIT, Applied PIT, Samples, Conditions, Recap, Injected, Weight, Notes, Group Notes, Import Custom
[INFO] 2025-08-29 02:46:42 UTC (2025-08-28 19:46:42 PT) - Successfully saved file: data/TrappingData.csv - Size: 18452748 bytes
[INFO] 2025-08-29 02:46:42 UTC (2025-08-28 19:46:42 PT) - Data summary:
[INFO] 2025-08-29 02:46:42 UTC (2025-08-28 19:46:42 PT) -   Date range: 03/13/2000 to 08/26/2025
[INFO] 2025-08-29 02:46:42 UTC (2025-08-28 19:46:42 PT) -   Total records: 32041
[INFO] 2025-08-29 02:46:42 UTC (2025-08-28 19:46:42 PT) - Download completed successfully
[INFO] 2025-08-30 02:39:57 UTC (2025-08-29 19:39:57 PT) - Starting nightly FINS trapping data download
[INFO] 2025-08-30 02:39:57 UTC (2025-08-29 19:39:57 PT) - API key found
[INFO] 2025-08-30 02:39:57 UTC (2025-08-29 19:39:57 PT) - Current PT time: 2025-08-29 19:39:57
[INFO] 2025-08-30 02:39:57 UTC (2025-08-29 19:39:57 PT) - Requesting ALL historical trapping data through 08/30/2025 for all of our FINS facilities
[INFO] 2025-08-30 02:40:38 UTC (2025-08-29 19:40:38 PT) - Downloaded 32041 rows of data
[INFO] 2025-08-30 02:40:38 UTC (2025-08-29 19:40:38 PT) - Columns: Finalize, Verify, Follow-Up, Trapped Date, Is Import, Facility, Trap, Trap Is Offsite, Trapping Session Name, Target Species, Target Run, Trapping Session Comments, Fish ID, Count, Species, Run, Sex, Origin, Origin Expression, Origin Description, Origin Start Date, Origin End Date, Origin Creator, Origin Creation Date, Living Status, Length, Age Designation, Age Calculated, Age Criteria Start Length, Age Criteria End Length, Age Criteria Start Date, Age Criteria End Date, Moved To Facility, Moved To, Moved To Location Type, Moved To Is Offsite, Offsite Owner Facility, Offsite Location Latitude, Offsite Location Longitude, Offsite Location Description, Disposition, Release Site, Release Site Latitude, Release Site Longitude, Purpose, Existing Marks, Existing Marks Quantity, Applied Marks, Applied Marks Quantity, Existing Tags, Applied Tags, Existing CWT, Existing CWT Value, Applied CWT, Applied CWT Value, Existing PIT, Applied PIT, Samples, Conditions, Recap, Injected, Weight, Notes, Group Notes, Import Custom
[INFO] 2025-08-30 02:40:38 UTC (2025-08-29 19:40:38 PT) - Successfully saved file: data/TrappingData.csv - Size: 18452661 bytes
[INFO] 2025-08-30 02:40:38 UTC (2025-08-29 19:40:38 PT) - Data summary:
[INFO] 2025-08-30 02:40:38 UTC (2025-08-29 19:40:38 PT) -   Date range: 03/13/2000 to 08/26/2025
[INFO] 2025-08-30 02:40:38 UTC (2025-08-29 19:40:38 PT) -   Total records: 32041
[INFO] 2025-08-30 02:40:38 UTC (2025-08-29 19:40:38 PT) - Download completed successfully
[INFO] 2025-08-31 02:49:59 UTC (2025-08-30 19:49:59 PT) - Starting nightly FINS trapping data download
[INFO] 2025-08-31 02:49:59 UTC (2025-08-30 19:49:59 PT) - API key found
[INFO] 2025-08-31 02:49:59 UTC (2025-08-30 19:49:59 PT) - Current PT time: 2025-08-30 19:49:59
[INFO] 2025-08-31 02:49:59 UTC (2025-08-30 19:49:59 PT) - Requesting ALL historical trapping data through 08/31/2025 for all of our FINS facilities
[INFO] 2025-08-31 02:50:44 UTC (2025-08-30 19:50:44 PT) - Downloaded 32064 rows of data
[INFO] 2025-08-31 02:50:44 UTC (2025-08-30 19:50:44 PT) - Columns: Finalize, Verify, Follow-Up, Trapped Date, Is Import, Facility, Trap, Trap Is Offsite, Trapping Session Name, Target Species, Target Run, Trapping Session Comments, Fish ID, Count, Species, Run, Sex, Origin, Origin Expression, Origin Description, Origin Start Date, Origin End Date, Origin Creator, Origin Creation Date, Living Status, Length, Age Designation, Age Calculated, Age Criteria Start Length, Age Criteria End Length, Age Criteria Start Date, Age Criteria End Date, Moved To Facility, Moved To, Moved To Location Type, Moved To Is Offsite, Offsite Owner Facility, Offsite Location Latitude, Offsite Location Longitude, Offsite Location Description, Disposition, Release Site, Release Site Latitude, Release Site Longitude, Purpose, Existing Marks, Existing Marks Quantity, Applied Marks, Applied Marks Quantity, Existing Tags, Applied Tags, Existing CWT, Existing CWT Value, Applied CWT, Applied CWT Value, Existing PIT, Applied PIT, Samples, Conditions, Recap, Injected, Weight, Notes, Group Notes, Import Custom
[INFO] 2025-08-31 02:50:44 UTC (2025-08-30 19:50:44 PT) - Successfully saved file: data/TrappingData.csv - Size: 18466200 bytes
[INFO] 2025-08-31 02:50:44 UTC (2025-08-30 19:50:44 PT) - Data summary:
[INFO] 2025-08-31 02:50:44 UTC (2025-08-30 19:50:44 PT) -   Date range: 03/13/2000 to 08/29/2025
[INFO] 2025-08-31 02:50:44 UTC (2025-08-30 19:50:44 PT) -   Total records: 32064
[INFO] 2025-08-31 02:50:44 UTC (2025-08-30 19:50:44 PT) - Download completed successfully
[INFO] 2025-09-01 03:04:45 UTC (2025-08-31 20:04:45 PT) - Starting nightly FINS trapping data download
[INFO] 2025-09-01 03:04:45 UTC (2025-08-31 20:04:45 PT) - API key found
[INFO] 2025-09-01 03:04:45 UTC (2025-08-31 20:04:45 PT) - Current PT time: 2025-08-31 20:04:45
[INFO] 2025-09-01 03:04:45 UTC (2025-08-31 20:04:45 PT) - Requesting ALL historical trapping data through 09/01/2025 for all of our FINS facilities
[INFO] 2025-09-01 03:05:30 UTC (2025-08-31 20:05:30 PT) - Downloaded 32079 rows of data
[INFO] 2025-09-01 03:05:30 UTC (2025-08-31 20:05:30 PT) - Columns: Finalize, Verify, Follow-Up, Trapped Date, Is Import, Facility, Trap, Trap Is Offsite, Trapping Session Name, Target Species, Target Run, Trapping Session Comments, Fish ID, Count, Species, Run, Sex, Origin, Origin Expression, Origin Description, Origin Start Date, Origin End Date, Origin Creator, Origin Creation Date, Living Status, Length, Age Designation, Age Calculated, Age Criteria Start Length, Age Criteria End Length, Age Criteria Start Date, Age Criteria End Date, Moved To Facility, Moved To, Moved To Location Type, Moved To Is Offsite, Offsite Owner Facility, Offsite Location Latitude, Offsite Location Longitude, Offsite Location Description, Disposition, Release Site, Release Site Latitude, Release Site Longitude, Purpose, Existing Marks, Existing Marks Quantity, Applied Marks, Applied Marks Quantity, Existing Tags, Applied Tags, Existing CWT, Existing CWT Value, Applied CWT, Applied CWT Value, Existing PIT, Applied PIT, Samples, Conditions, Recap, Injected, Weight, Notes, Group Notes, Import Custom
[INFO] 2025-09-01 03:05:30 UTC (2025-08-31 20:05:30 PT) - Successfully saved file: data/TrappingData.csv - Size: 18474939 bytes
[INFO] 2025-09-01 03:05:30 UTC (2025-08-31 20:05:30 PT) - Data summary:
[INFO] 2025-09-01 03:05:30 UTC (2025-08-31 20:05:30 PT) -   Date range: 03/13/2000 to 08/31/2025
[INFO] 2025-09-01 03:05:30 UTC (2025-08-31 20:05:30 PT) -   Total records: 32079
[INFO] 2025-09-01 03:05:30 UTC (2025-08-31 20:05:30 PT) - Download completed successfully
[INFO] 2025-09-02 02:49:46 UTC (2025-09-01 19:49:46 PT) - Starting nightly FINS trapping data download
[INFO] 2025-09-02 02:49:46 UTC (2025-09-01 19:49:46 PT) - API key found
[INFO] 2025-09-02 02:49:46 UTC (2025-09-01 19:49:46 PT) - Current PT time: 2025-09-01 19:49:46
[INFO] 2025-09-02 02:49:46 UTC (2025-09-01 19:49:46 PT) - Requesting ALL historical trapping data through 09/02/2025 for all of our FINS facilities
[INFO] 2025-09-02 02:50:27 UTC (2025-09-01 19:50:27 PT) - Downloaded 32103 rows of data
[INFO] 2025-09-02 02:50:27 UTC (2025-09-01 19:50:27 PT) - Columns: Finalize, Verify, Follow-Up, Trapped Date, Is Import, Facility, Trap, Trap Is Offsite, Trapping Session Name, Target Species, Target Run, Trapping Session Comments, Fish ID, Count, Species, Run, Sex, Origin, Origin Expression, Origin Description, Origin Start Date, Origin End Date, Origin Creator, Origin Creation Date, Living Status, Length, Age Designation, Age Calculated, Age Criteria Start Length, Age Criteria End Length, Age Criteria Start Date, Age Criteria End Date, Moved To Facility, Moved To, Moved To Location Type, Moved To Is Offsite, Offsite Owner Facility, Offsite Location Latitude, Offsite Location Longitude, Offsite Location Description, Disposition, Release Site, Release Site Latitude, Release Site Longitude, Purpose, Existing Marks, Existing Marks Quantity, Applied Marks, Applied Marks Quantity, Existing Tags, Applied Tags, Existing CWT, Existing CWT Value, Applied CWT, Applied CWT Value, Existing PIT, Applied PIT, Samples, Conditions, Recap, Injected, Weight, Notes, Group Notes, Import Custom
[INFO] 2025-09-02 02:50:27 UTC (2025-09-01 19:50:27 PT) - Successfully saved file: data/TrappingData.csv - Size: 18488403 bytes
[INFO] 2025-09-02 02:50:27 UTC (2025-09-01 19:50:27 PT) - Data summary:
[INFO] 2025-09-02 02:50:27 UTC (2025-09-01 19:50:27 PT) -   Date range: 03/13/2000 to 09/01/2025
[INFO] 2025-09-02 02:50:27 UTC (2025-09-01 19:50:27 PT) -   Total records: 32103
[INFO] 2025-09-02 02:50:27 UTC (2025-09-01 19:50:27 PT) - Download completed successfully
[INFO] 2025-09-03 02:39:06 UTC (2025-09-02 19:39:06 PT) - Starting nightly FINS trapping data download
[INFO] 2025-09-03 02:39:06 UTC (2025-09-02 19:39:06 PT) - API key found
[INFO] 2025-09-03 02:39:06 UTC (2025-09-02 19:39:06 PT) - Current PT time: 2025-09-02 19:39:06
[INFO] 2025-09-03 02:39:06 UTC (2025-09-02 19:39:06 PT) - Requesting ALL historical trapping data through 09/03/2025 for all of our FINS facilities
[INFO] 2025-09-03 02:39:48 UTC (2025-09-02 19:39:48 PT) - Downloaded 32103 rows of data
[INFO] 2025-09-03 02:39:48 UTC (2025-09-02 19:39:48 PT) - Columns: Finalize, Verify, Follow-Up, Trapped Date, Is Import, Facility, Trap, Trap Is Offsite, Trapping Session Name, Target Species, Target Run, Trapping Session Comments, Fish ID, Count, Species, Run, Sex, Origin, Origin Expression, Origin Description, Origin Start Date, Origin End Date, Origin Creator, Origin Creation Date, Living Status, Length, Age Designation, Age Calculated, Age Criteria Start Length, Age Criteria End Length, Age Criteria Start Date, Age Criteria End Date, Moved To Facility, Moved To, Moved To Location Type, Moved To Is Offsite, Offsite Owner Facility, Offsite Location Latitude, Offsite Location Longitude, Offsite Location Description, Disposition, Release Site, Release Site Latitude, Release Site Longitude, Purpose, Existing Marks, Existing Marks Quantity, Applied Marks, Applied Marks Quantity, Existing Tags, Applied Tags, Existing CWT, Existing CWT Value, Applied CWT, Applied CWT Value, Existing PIT, Applied PIT, Samples, Conditions, Recap, Injected, Weight, Notes, Group Notes, Import Custom
[INFO] 2025-09-03 02:39:48 UTC (2025-09-02 19:39:48 PT) - Successfully saved file: data/TrappingData.csv - Size: 18488403 bytes
[INFO] 2025-09-03 02:39:48 UTC (2025-09-02 19:39:48 PT) - Data summary:
[INFO] 2025-09-03 02:39:48 UTC (2025-09-02 19:39:48 PT) -   Date range: 03/13/2000 to 09/01/2025
[INFO] 2025-09-03 02:39:48 UTC (2025-09-02 19:39:48 PT) -   Total records: 32103
[INFO] 2025-09-03 02:39:48 UTC (2025-09-02 19:39:48 PT) - Download completed successfully
[INFO] 2025-09-04 02:39:17 UTC (2025-09-03 19:39:17 PT) - Starting nightly FINS trapping data download
[INFO] 2025-09-04 02:39:17 UTC (2025-09-03 19:39:17 PT) - API key found
[INFO] 2025-09-04 02:39:17 UTC (2025-09-03 19:39:17 PT) - Current PT time: 2025-09-03 19:39:17
[INFO] 2025-09-04 02:39:17 UTC (2025-09-03 19:39:17 PT) - Requesting ALL historical trapping data through 09/04/2025 for all of our FINS facilities
[INFO] 2025-09-04 02:39:59 UTC (2025-09-03 19:39:59 PT) - Downloaded 32103 rows of data
[INFO] 2025-09-04 02:39:59 UTC (2025-09-03 19:39:59 PT) - Columns: Finalize, Verify, Follow-Up, Trapped Date, Is Import, Facility, Trap, Trap Is Offsite, Trapping Session Name, Target Species, Target Run, Trapping Session Comments, Fish ID, Count, Species, Run, Sex, Origin, Origin Expression, Origin Description, Origin Start Date, Origin End Date, Origin Creator, Origin Creation Date, Living Status, Length, Age Designation, Age Calculated, Age Criteria Start Length, Age Criteria End Length, Age Criteria Start Date, Age Criteria End Date, Moved To Facility, Moved To, Moved To Location Type, Moved To Is Offsite, Offsite Owner Facility, Offsite Location Latitude, Offsite Location Longitude, Offsite Location Description, Disposition, Release Site, Release Site Latitude, Release Site Longitude, Purpose, Existing Marks, Existing Marks Quantity, Applied Marks, Applied Marks Quantity, Existing Tags, Applied Tags, Existing CWT, Existing CWT Value, Applied CWT, Applied CWT Value, Existing PIT, Applied PIT, Samples, Conditions, Recap, Injected, Weight, Notes, Group Notes, Import Custom
[INFO] 2025-09-04 02:39:59 UTC (2025-09-03 19:39:59 PT) - Successfully saved file: data/TrappingData.csv - Size: 18488403 bytes
[INFO] 2025-09-04 02:39:59 UTC (2025-09-03 19:39:59 PT) - Data summary:
[INFO] 2025-09-04 02:39:59 UTC (2025-09-03 19:39:59 PT) -   Date range: 03/13/2000 to 09/01/2025
[INFO] 2025-09-04 02:39:59 UTC (2025-09-03 19:39:59 PT) -   Total records: 32103
[INFO] 2025-09-04 02:39:59 UTC (2025-09-03 19:39:59 PT) - Download completed successfully
[INFO] 2025-09-05 02:42:20 UTC (2025-09-04 19:42:20 PT) - Starting nightly FINS trapping data download
[INFO] 2025-09-05 02:42:20 UTC (2025-09-04 19:42:20 PT) - API key found
[INFO] 2025-09-05 02:42:20 UTC (2025-09-04 19:42:20 PT) - Current PT time: 2025-09-04 19:42:20
[INFO] 2025-09-05 02:42:20 UTC (2025-09-04 19:42:20 PT) - Requesting ALL historical trapping data through 09/05/2025 for all of our FINS facilities
[INFO] 2025-09-05 02:43:01 UTC (2025-09-04 19:43:01 PT) - Downloaded 32103 rows of data
[INFO] 2025-09-05 02:43:01 UTC (2025-09-04 19:43:01 PT) - Columns: Finalize, Verify, Follow-Up, Trapped Date, Is Import, Facility, Trap, Trap Is Offsite, Trapping Session Name, Target Species, Target Run, Trapping Session Comments, Fish ID, Count, Species, Run, Sex, Origin, Origin Expression, Origin Description, Origin Start Date, Origin End Date, Origin Creator, Origin Creation Date, Living Status, Length, Age Designation, Age Calculated, Age Criteria Start Length, Age Criteria End Length, Age Criteria Start Date, Age Criteria End Date, Moved To Facility, Moved To, Moved To Location Type, Moved To Is Offsite, Offsite Owner Facility, Offsite Location Latitude, Offsite Location Longitude, Offsite Location Description, Disposition, Release Site, Release Site Latitude, Release Site Longitude, Purpose, Existing Marks, Existing Marks Quantity, Applied Marks, Applied Marks Quantity, Existing Tags, Applied Tags, Existing CWT, Existing CWT Value, Applied CWT, Applied CWT Value, Existing PIT, Applied PIT, Samples, Conditions, Recap, Injected, Weight, Notes, Group Notes, Import Custom
[INFO] 2025-09-05 02:43:01 UTC (2025-09-04 19:43:01 PT) - Successfully saved file: data/TrappingData.csv - Size: 18488403 bytes
[INFO] 2025-09-05 02:43:01 UTC (2025-09-04 19:43:01 PT) - Data summary:
[INFO] 2025-09-05 02:43:01 UTC (2025-09-04 19:43:01 PT) -   Date range: 03/13/2000 to 09/01/2025
[INFO] 2025-09-05 02:43:01 UTC (2025-09-04 19:43:01 PT) -   Total records: 32103
[INFO] 2025-09-05 02:43:01 UTC (2025-09-04 19:43:01 PT) - Download completed successfully
[INFO] 2025-09-06 02:37:06 UTC (2025-09-05 19:37:06 PT) - Starting nightly FINS trapping data download
[INFO] 2025-09-06 02:37:06 UTC (2025-09-05 19:37:06 PT) - API key found
[INFO] 2025-09-06 02:37:06 UTC (2025-09-05 19:37:06 PT) - Current PT time: 2025-09-05 19:37:06
[INFO] 2025-09-06 02:37:06 UTC (2025-09-05 19:37:06 PT) - Requesting ALL historical trapping data through 09/06/2025 for all of our FINS facilities
[INFO] 2025-09-06 02:37:51 UTC (2025-09-05 19:37:51 PT) - Downloaded 32103 rows of data
[INFO] 2025-09-06 02:37:51 UTC (2025-09-05 19:37:51 PT) - Columns: Finalize, Verify, Follow-Up, Trapped Date, Is Import, Facility, Trap, Trap Is Offsite, Trapping Session Name, Target Species, Target Run, Trapping Session Comments, Fish ID, Count, Species, Run, Sex, Origin, Origin Expression, Origin Description, Origin Start Date, Origin End Date, Origin Creator, Origin Creation Date, Living Status, Length, Age Designation, Age Calculated, Age Criteria Start Length, Age Criteria End Length, Age Criteria Start Date, Age Criteria End Date, Moved To Facility, Moved To, Moved To Location Type, Moved To Is Offsite, Offsite Owner Facility, Offsite Location Latitude, Offsite Location Longitude, Offsite Location Description, Disposition, Release Site, Release Site Latitude, Release Site Longitude, Purpose, Existing Marks, Existing Marks Quantity, Applied Marks, Applied Marks Quantity, Existing Tags, Applied Tags, Existing CWT, Existing CWT Value, Applied CWT, Applied CWT Value, Existing PIT, Applied PIT, Samples, Conditions, Recap, Injected, Weight, Notes, Group Notes, Import Custom
[INFO] 2025-09-06 02:37:51 UTC (2025-09-05 19:37:51 PT) - Successfully saved file: data/TrappingData.csv - Size: 18488403 bytes
[INFO] 2025-09-06 02:37:51 UTC (2025-09-05 19:37:51 PT) - Data summary:
[INFO] 2025-09-06 02:37:51 UTC (2025-09-05 19:37:51 PT) -   Date range: 03/13/2000 to 09/01/2025
[INFO] 2025-09-06 02:37:51 UTC (2025-09-05 19:37:51 PT) -   Total records: 32103
[INFO] 2025-09-06 02:37:51 UTC (2025-09-05 19:37:51 PT) - Download completed successfully
[INFO] 2025-09-07 02:45:24 UTC (2025-09-06 19:45:24 PT) - Starting nightly FINS trapping data download
[INFO] 2025-09-07 02:45:24 UTC (2025-09-06 19:45:24 PT) - API key found
[INFO] 2025-09-07 02:45:24 UTC (2025-09-06 19:45:24 PT) - Current PT time: 2025-09-06 19:45:24
[INFO] 2025-09-07 02:45:24 UTC (2025-09-06 19:45:24 PT) - Requesting ALL historical trapping data through 09/07/2025 for all of our FINS facilities
[INFO] 2025-09-07 02:46:05 UTC (2025-09-06 19:46:05 PT) - Downloaded 32103 rows of data
[INFO] 2025-09-07 02:46:05 UTC (2025-09-06 19:46:05 PT) - Columns: Finalize, Verify, Follow-Up, Trapped Date, Is Import, Facility, Trap, Trap Is Offsite, Trapping Session Name, Target Species, Target Run, Trapping Session Comments, Fish ID, Count, Species, Run, Sex, Origin, Origin Expression, Origin Description, Origin Start Date, Origin End Date, Origin Creator, Origin Creation Date, Living Status, Length, Age Designation, Age Calculated, Age Criteria Start Length, Age Criteria End Length, Age Criteria Start Date, Age Criteria End Date, Moved To Facility, Moved To, Moved To Location Type, Moved To Is Offsite, Offsite Owner Facility, Offsite Location Latitude, Offsite Location Longitude, Offsite Location Description, Disposition, Release Site, Release Site Latitude, Release Site Longitude, Purpose, Existing Marks, Existing Marks Quantity, Applied Marks, Applied Marks Quantity, Existing Tags, Applied Tags, Existing CWT, Existing CWT Value, Applied CWT, Applied CWT Value, Existing PIT, Applied PIT, Samples, Conditions, Recap, Injected, Weight, Notes, Group Notes, Import Custom
[INFO] 2025-09-07 02:46:05 UTC (2025-09-06 19:46:05 PT) - Successfully saved file: data/TrappingData.csv - Size: 18488403 bytes
[INFO] 2025-09-07 02:46:05 UTC (2025-09-06 19:46:05 PT) - Data summary:
[INFO] 2025-09-07 02:46:05 UTC (2025-09-06 19:46:05 PT) -   Date range: 03/13/2000 to 09/01/2025
[INFO] 2025-09-07 02:46:05 UTC (2025-09-06 19:46:05 PT) -   Total records: 32103
[INFO] 2025-09-07 02:46:05 UTC (2025-09-06 19:46:05 PT) - Download completed successfully
[INFO] 2025-09-08 02:50:27 UTC (2025-09-07 19:50:27 PT) - Starting nightly FINS trapping data download
[INFO] 2025-09-08 02:50:27 UTC (2025-09-07 19:50:27 PT) - API key found
[INFO] 2025-09-08 02:50:27 UTC (2025-09-07 19:50:27 PT) - Current PT time: 2025-09-07 19:50:27
[INFO] 2025-09-08 02:50:27 UTC (2025-09-07 19:50:27 PT) - Requesting ALL historical trapping data through 09/08/2025 for all of our FINS facilities
[INFO] 2025-09-08 02:51:11 UTC (2025-09-07 19:51:11 PT) - Downloaded 32103 rows of data
[INFO] 2025-09-08 02:51:11 UTC (2025-09-07 19:51:11 PT) - Columns: Finalize, Verify, Follow-Up, Trapped Date, Is Import, Facility, Trap, Trap Is Offsite, Trapping Session Name, Target Species, Target Run, Trapping Session Comments, Fish ID, Count, Species, Run, Sex, Origin, Origin Expression, Origin Description, Origin Start Date, Origin End Date, Origin Creator, Origin Creation Date, Living Status, Length, Age Designation, Age Calculated, Age Criteria Start Length, Age Criteria End Length, Age Criteria Start Date, Age Criteria End Date, Moved To Facility, Moved To, Moved To Location Type, Moved To Is Offsite, Offsite Owner Facility, Offsite Location Latitude, Offsite Location Longitude, Offsite Location Description, Disposition, Release Site, Release Site Latitude, Release Site Longitude, Purpose, Existing Marks, Existing Marks Quantity, Applied Marks, Applied Marks Quantity, Existing Tags, Applied Tags, Existing CWT, Existing CWT Value, Applied CWT, Applied CWT Value, Existing PIT, Applied PIT, Samples, Conditions, Recap, Injected, Weight, Notes, Group Notes, Import Custom
[INFO] 2025-09-08 02:51:11 UTC (2025-09-07 19:51:11 PT) - Successfully saved file: data/TrappingData.csv - Size: 18488403 bytes
[INFO] 2025-09-08 02:51:11 UTC (2025-09-07 19:51:11 PT) - Data summary:
[INFO] 2025-09-08 02:51:11 UTC (2025-09-07 19:51:11 PT) -   Date range: 03/13/2000 to 09/01/2025
[INFO] 2025-09-08 02:51:11 UTC (2025-09-07 19:51:11 PT) -   Total records: 32103
[INFO] 2025-09-08 02:51:11 UTC (2025-09-07 19:51:11 PT) - Download completed successfully
[INFO] 2025-09-09 02:46:01 UTC (2025-09-08 19:46:01 PT) - Starting nightly FINS trapping data download
[INFO] 2025-09-09 02:46:01 UTC (2025-09-08 19:46:01 PT) - API key found
[INFO] 2025-09-09 02:46:01 UTC (2025-09-08 19:46:01 PT) - Current PT time: 2025-09-08 19:46:01
[INFO] 2025-09-09 02:46:01 UTC (2025-09-08 19:46:01 PT) - Requesting ALL historical trapping data through 09/09/2025 for all of our FINS facilities
[INFO] 2025-09-09 02:46:43 UTC (2025-09-08 19:46:43 PT) - Downloaded 32103 rows of data
[INFO] 2025-09-09 02:46:43 UTC (2025-09-08 19:46:43 PT) - Columns: Finalize, Verify, Follow-Up, Trapped Date, Is Import, Facility, Trap, Trap Is Offsite, Trapping Session Name, Target Species, Target Run, Trapping Session Comments, Fish ID, Count, Species, Run, Sex, Origin, Origin Expression, Origin Description, Origin Start Date, Origin End Date, Origin Creator, Origin Creation Date, Living Status, Length, Age Designation, Age Calculated, Age Criteria Start Length, Age Criteria End Length, Age Criteria Start Date, Age Criteria End Date, Moved To Facility, Moved To, Moved To Location Type, Moved To Is Offsite, Offsite Owner Facility, Offsite Location Latitude, Offsite Location Longitude, Offsite Location Description, Disposition, Release Site, Release Site Latitude, Release Site Longitude, Purpose, Existing Marks, Existing Marks Quantity, Applied Marks, Applied Marks Quantity, Existing Tags, Applied Tags, Existing CWT, Existing CWT Value, Applied CWT, Applied CWT Value, Existing PIT, Applied PIT, Samples, Conditions, Recap, Injected, Weight, Notes, Group Notes, Import Custom
[INFO] 2025-09-09 02:46:43 UTC (2025-09-08 19:46:43 PT) - Successfully saved file: data/TrappingData.csv - Size: 18488403 bytes
[INFO] 2025-09-09 02:46:43 UTC (2025-09-08 19:46:43 PT) - Data summary:
[INFO] 2025-09-09 02:46:43 UTC (2025-09-08 19:46:43 PT) -   Date range: 03/13/2000 to 09/01/2025
[INFO] 2025-09-09 02:46:43 UTC (2025-09-08 19:46:43 PT) -   Total records: 32103
[INFO] 2025-09-09 02:46:43 UTC (2025-09-08 19:46:43 PT) - Download completed successfully
[INFO] 2025-09-10 02:38:32 UTC (2025-09-09 19:38:32 PT) - Starting nightly FINS trapping data download
[INFO] 2025-09-10 02:38:32 UTC (2025-09-09 19:38:32 PT) - API key found
[INFO] 2025-09-10 02:38:32 UTC (2025-09-09 19:38:32 PT) - Current PT time: 2025-09-09 19:38:32
[INFO] 2025-09-10 02:38:32 UTC (2025-09-09 19:38:32 PT) - Requesting ALL historical trapping data through 09/10/2025 for all of our FINS facilities
[INFO] 2025-09-10 02:39:13 UTC (2025-09-09 19:39:13 PT) - Downloaded 32103 rows of data
[INFO] 2025-09-10 02:39:13 UTC (2025-09-09 19:39:13 PT) - Columns: Finalize, Verify, Follow-Up, Trapped Date, Is Import, Facility, Trap, Trap Is Offsite, Trapping Session Name, Target Species, Target Run, Trapping Session Comments, Fish ID, Count, Species, Run, Sex, Origin, Origin Expression, Origin Description, Origin Start Date, Origin End Date, Origin Creator, Origin Creation Date, Living Status, Length, Age Designation, Age Calculated, Age Criteria Start Length, Age Criteria End Length, Age Criteria Start Date, Age Criteria End Date, Moved To Facility, Moved To, Moved To Location Type, Moved To Is Offsite, Offsite Owner Facility, Offsite Location Latitude, Offsite Location Longitude, Offsite Location Description, Disposition, Release Site, Release Site Latitude, Release Site Longitude, Purpose, Existing Marks, Existing Marks Quantity, Applied Marks, Applied Marks Quantity, Existing Tags, Applied Tags, Existing CWT, Existing CWT Value, Applied CWT, Applied CWT Value, Existing PIT, Applied PIT, Samples, Conditions, Recap, Injected, Weight, Notes, Group Notes, Import Custom
[INFO] 2025-09-10 02:39:13 UTC (2025-09-09 19:39:13 PT) - Successfully saved file: data/TrappingData.csv - Size: 18488403 bytes
[INFO] 2025-09-10 02:39:13 UTC (2025-09-09 19:39:13 PT) - Data summary:
[INFO] 2025-09-10 02:39:13 UTC (2025-09-09 19:39:13 PT) -   Date range: 03/13/2000 to 09/01/2025
[INFO] 2025-09-10 02:39:13 UTC (2025-09-09 19:39:13 PT) -   Total records: 32103
[INFO] 2025-09-10 02:39:13 UTC (2025-09-09 19:39:13 PT) - Download completed successfully
[INFO] 2025-09-11 02:45:14 UTC (2025-09-10 19:45:14 PT) - Starting nightly FINS trapping data download
[INFO] 2025-09-11 02:45:14 UTC (2025-09-10 19:45:14 PT) - API key found
[INFO] 2025-09-11 02:45:14 UTC (2025-09-10 19:45:14 PT) - Current PT time: 2025-09-10 19:45:14
[INFO] 2025-09-11 02:45:14 UTC (2025-09-10 19:45:14 PT) - Requesting ALL historical trapping data through 09/11/2025 for all of our FINS facilities
[INFO] 2025-09-11 02:45:58 UTC (2025-09-10 19:45:58 PT) - Downloaded 32120 rows of data
[INFO] 2025-09-11 02:45:58 UTC (2025-09-10 19:45:58 PT) - Columns: Finalize, Verify, Follow-Up, Trapped Date, Is Import, Facility, Trap, Trap Is Offsite, Trapping Session Name, Target Species, Target Run, Trapping Session Comments, Fish ID, Count, Species, Run, Sex, Origin, Origin Expression, Origin Description, Origin Start Date, Origin End Date, Origin Creator, Origin Creation Date, Living Status, Length, Age Designation, Age Calculated, Age Criteria Start Length, Age Criteria End Length, Age Criteria Start Date, Age Criteria End Date, Moved To Facility, Moved To, Moved To Location Type, Moved To Is Offsite, Offsite Owner Facility, Offsite Location Latitude, Offsite Location Longitude, Offsite Location Description, Disposition, Release Site, Release Site Latitude, Release Site Longitude, Purpose, Existing Marks, Existing Marks Quantity, Applied Marks, Applied Marks Quantity, Existing Tags, Applied Tags, Existing CWT, Existing CWT Value, Applied CWT, Applied CWT Value, Existing PIT, Applied PIT, Samples, Conditions, Recap, Injected, Weight, Notes, Group Notes, Import Custom
[INFO] 2025-09-11 02:45:58 UTC (2025-09-10 19:45:58 PT) - Successfully saved file: data/TrappingData.csv - Size: 18498336 bytes
[INFO] 2025-09-11 02:45:58 UTC (2025-09-10 19:45:58 PT) - Data summary:
[INFO] 2025-09-11 02:45:59 UTC (2025-09-10 19:45:59 PT) -   Date range: 03/13/2000 to 09/04/2025
[INFO] 2025-09-11 02:45:59 UTC (2025-09-10 19:45:59 PT) -   Total records: 32120
[INFO] 2025-09-11 02:45:59 UTC (2025-09-10 19:45:59 PT) - Download completed successfully
[INFO] 2025-09-12 02:41:38 UTC (2025-09-11 19:41:38 PT) - Starting nightly FINS trapping data download
[INFO] 2025-09-12 02:41:38 UTC (2025-09-11 19:41:38 PT) - API key found
[INFO] 2025-09-12 02:41:38 UTC (2025-09-11 19:41:38 PT) - Current PT time: 2025-09-11 19:41:38
[INFO] 2025-09-12 02:41:38 UTC (2025-09-11 19:41:38 PT) - Requesting ALL historical trapping data through 09/12/2025 for all of our FINS facilities
[INFO] 2025-09-12 02:42:24 UTC (2025-09-11 19:42:24 PT) - Downloaded 32120 rows of data
[INFO] 2025-09-12 02:42:24 UTC (2025-09-11 19:42:24 PT) - Columns: Finalize, Verify, Follow-Up, Trapped Date, Is Import, Facility, Trap, Trap Is Offsite, Trapping Session Name, Target Species, Target Run, Trapping Session Comments, Fish ID, Count, Species, Run, Sex, Origin, Origin Expression, Origin Description, Origin Start Date, Origin End Date, Origin Creator, Origin Creation Date, Living Status, Length, Age Designation, Age Calculated, Age Criteria Start Length, Age Criteria End Length, Age Criteria Start Date, Age Criteria End Date, Moved To Facility, Moved To, Moved To Location Type, Moved To Is Offsite, Offsite Owner Facility, Offsite Location Latitude, Offsite Location Longitude, Offsite Location Description, Disposition, Release Site, Release Site Latitude, Release Site Longitude, Purpose, Existing Marks, Existing Marks Quantity, Applied Marks, Applied Marks Quantity, Existing Tags, Applied Tags, Existing CWT, Existing CWT Value, Applied CWT, Applied CWT Value, Existing PIT, Applied PIT, Samples, Conditions, Recap, Injected, Weight, Notes, Group Notes, Import Custom
[INFO] 2025-09-12 02:42:24 UTC (2025-09-11 19:42:24 PT) - Successfully saved file: data/TrappingData.csv - Size: 18498336 bytes
[INFO] 2025-09-12 02:42:24 UTC (2025-09-11 19:42:24 PT) - Data summary:
[INFO] 2025-09-12 02:42:24 UTC (2025-09-11 19:42:24 PT) -   Date range: 03/13/2000 to 09/04/2025
[INFO] 2025-09-12 02:42:24 UTC (2025-09-11 19:42:24 PT) -   Total records: 32120
[INFO] 2025-09-12 02:42:24 UTC (2025-09-11 19:42:24 PT) - Download completed successfully
[INFO] 2025-09-13 02:31:09 UTC (2025-09-12 19:31:09 PT) - Starting nightly FINS trapping data download
[INFO] 2025-09-13 02:31:09 UTC (2025-09-12 19:31:09 PT) - API key found
[INFO] 2025-09-13 02:31:09 UTC (2025-09-12 19:31:09 PT) - Current PT time: 2025-09-12 19:31:09
[INFO] 2025-09-13 02:31:09 UTC (2025-09-12 19:31:09 PT) - Requesting ALL historical trapping data through 09/13/2025 for all of our FINS facilities
[INFO] 2025-09-13 02:31:51 UTC (2025-09-12 19:31:51 PT) - Downloaded 32120 rows of data
[INFO] 2025-09-13 02:31:51 UTC (2025-09-12 19:31:51 PT) - Columns: Finalize, Verify, Follow-Up, Trapped Date, Is Import, Facility, Trap, Trap Is Offsite, Trapping Session Name, Target Species, Target Run, Trapping Session Comments, Fish ID, Count, Species, Run, Sex, Origin, Origin Expression, Origin Description, Origin Start Date, Origin End Date, Origin Creator, Origin Creation Date, Living Status, Length, Age Designation, Age Calculated, Age Criteria Start Length, Age Criteria End Length, Age Criteria Start Date, Age Criteria End Date, Moved To Facility, Moved To, Moved To Location Type, Moved To Is Offsite, Offsite Owner Facility, Offsite Location Latitude, Offsite Location Longitude, Offsite Location Description, Disposition, Release Site, Release Site Latitude, Release Site Longitude, Purpose, Existing Marks, Existing Marks Quantity, Applied Marks, Applied Marks Quantity, Existing Tags, Applied Tags, Existing CWT, Existing CWT Value, Applied CWT, Applied CWT Value, Existing PIT, Applied PIT, Samples, Conditions, Recap, Injected, Weight, Notes, Group Notes, Import Custom
[INFO] 2025-09-13 02:31:51 UTC (2025-09-12 19:31:51 PT) - Successfully saved file: data/TrappingData.csv - Size: 18498374 bytes
[INFO] 2025-09-13 02:31:51 UTC (2025-09-12 19:31:51 PT) - Data summary:
[INFO] 2025-09-13 02:31:51 UTC (2025-09-12 19:31:51 PT) -   Date range: 03/13/2000 to 09/04/2025
[INFO] 2025-09-13 02:31:51 UTC (2025-09-12 19:31:51 PT) -   Total records: 32120
[INFO] 2025-09-13 02:31:51 UTC (2025-09-12 19:31:51 PT) - Download completed successfully
[INFO] 2025-09-14 02:47:28 UTC (2025-09-13 19:47:28 PT) - Starting nightly FINS trapping data download
[INFO] 2025-09-14 02:47:28 UTC (2025-09-13 19:47:28 PT) - API key found
[INFO] 2025-09-14 02:47:28 UTC (2025-09-13 19:47:28 PT) - Current PT time: 2025-09-13 19:47:28
[INFO] 2025-09-14 02:47:28 UTC (2025-09-13 19:47:28 PT) - Requesting ALL historical trapping data through 09/14/2025 for all of our FINS facilities
[INFO] 2025-09-14 02:48:06 UTC (2025-09-13 19:48:06 PT) - Downloaded 32120 rows of data
[INFO] 2025-09-14 02:48:06 UTC (2025-09-13 19:48:06 PT) - Columns: Finalize, Verify, Follow-Up, Trapped Date, Is Import, Facility, Trap, Trap Is Offsite, Trapping Session Name, Target Species, Target Run, Trapping Session Comments, Fish ID, Count, Species, Run, Sex, Origin, Origin Expression, Origin Description, Origin Start Date, Origin End Date, Origin Creator, Origin Creation Date, Living Status, Length, Age Designation, Age Calculated, Age Criteria Start Length, Age Criteria End Length, Age Criteria Start Date, Age Criteria End Date, Moved To Facility, Moved To, Moved To Location Type, Moved To Is Offsite, Offsite Owner Facility, Offsite Location Latitude, Offsite Location Longitude, Offsite Location Description, Disposition, Release Site, Release Site Latitude, Release Site Longitude, Purpose, Existing Marks, Existing Marks Quantity, Applied Marks, Applied Marks Quantity, Existing Tags, Applied Tags, Existing CWT, Existing CWT Value, Applied CWT, Applied CWT Value, Existing PIT, Applied PIT, Samples, Conditions, Recap, Injected, Weight, Notes, Group Notes, Import Custom
[INFO] 2025-09-14 02:48:06 UTC (2025-09-13 19:48:06 PT) - Successfully saved file: data/TrappingData.csv - Size: 18498374 bytes
[INFO] 2025-09-14 02:48:06 UTC (2025-09-13 19:48:06 PT) - Data summary:
[INFO] 2025-09-14 02:48:06 UTC (2025-09-13 19:48:06 PT) -   Date range: 03/13/2000 to 09/04/2025
[INFO] 2025-09-14 02:48:06 UTC (2025-09-13 19:48:06 PT) -   Total records: 32120
[INFO] 2025-09-14 02:48:06 UTC (2025-09-13 19:48:06 PT) - Download completed successfully
[INFO] 2025-09-15 02:52:00 UTC (2025-09-14 19:52:00 PT) - Starting nightly FINS trapping data download
[INFO] 2025-09-15 02:52:00 UTC (2025-09-14 19:52:00 PT) - API key found
[INFO] 2025-09-15 02:52:00 UTC (2025-09-14 19:52:00 PT) - Current PT time: 2025-09-14 19:52:00
[INFO] 2025-09-15 02:52:00 UTC (2025-09-14 19:52:00 PT) - Requesting ALL historical trapping data through 09/15/2025 for all of our FINS facilities
[INFO] 2025-09-15 02:52:41 UTC (2025-09-14 19:52:41 PT) - Downloaded 32120 rows of data
[INFO] 2025-09-15 02:52:41 UTC (2025-09-14 19:52:41 PT) - Columns: Finalize, Verify, Follow-Up, Trapped Date, Is Import, Facility, Trap, Trap Is Offsite, Trapping Session Name, Target Species, Target Run, Trapping Session Comments, Fish ID, Count, Species, Run, Sex, Origin, Origin Expression, Origin Description, Origin Start Date, Origin End Date, Origin Creator, Origin Creation Date, Living Status, Length, Age Designation, Age Calculated, Age Criteria Start Length, Age Criteria End Length, Age Criteria Start Date, Age Criteria End Date, Moved To Facility, Moved To, Moved To Location Type, Moved To Is Offsite, Offsite Owner Facility, Offsite Location Latitude, Offsite Location Longitude, Offsite Location Description, Disposition, Release Site, Release Site Latitude, Release Site Longitude, Purpose, Existing Marks, Existing Marks Quantity, Applied Marks, Applied Marks Quantity, Existing Tags, Applied Tags, Existing CWT, Existing CWT Value, Applied CWT, Applied CWT Value, Existing PIT, Applied PIT, Samples, Conditions, Recap, Injected, Weight, Notes, Group Notes, Import Custom
[INFO] 2025-09-15 02:52:41 UTC (2025-09-14 19:52:41 PT) - Successfully saved file: data/TrappingData.csv - Size: 18498374 bytes
[INFO] 2025-09-15 02:52:41 UTC (2025-09-14 19:52:41 PT) - Data summary:
[INFO] 2025-09-15 02:52:41 UTC (2025-09-14 19:52:41 PT) -   Date range: 03/13/2000 to 09/04/2025
[INFO] 2025-09-15 02:52:41 UTC (2025-09-14 19:52:41 PT) -   Total records: 32120
[INFO] 2025-09-15 02:52:41 UTC (2025-09-14 19:52:41 PT) - Download completed successfully
[INFO] 2025-09-16 02:40:50 UTC (2025-09-15 19:40:50 PT) - Starting nightly FINS trapping data download
[INFO] 2025-09-16 02:40:50 UTC (2025-09-15 19:40:50 PT) - API key found
[INFO] 2025-09-16 02:40:50 UTC (2025-09-15 19:40:50 PT) - Current PT time: 2025-09-15 19:40:50
[INFO] 2025-09-16 02:40:50 UTC (2025-09-15 19:40:50 PT) - Requesting ALL historical trapping data through 09/16/2025 for all of our FINS facilities
[INFO] 2025-09-16 02:41:34 UTC (2025-09-15 19:41:34 PT) - Downloaded 32120 rows of data
[INFO] 2025-09-16 02:41:34 UTC (2025-09-15 19:41:34 PT) - Columns: Finalize, Verify, Follow-Up, Trapped Date, Is Import, Facility, Trap, Trap Is Offsite, Trapping Session Name, Target Species, Target Run, Trapping Session Comments, Fish ID, Count, Species, Run, Sex, Origin, Origin Expression, Origin Description, Origin Start Date, Origin End Date, Origin Creator, Origin Creation Date, Living Status, Length, Age Designation, Age Calculated, Age Criteria Start Length, Age Criteria End Length, Age Criteria Start Date, Age Criteria End Date, Moved To Facility, Moved To, Moved To Location Type, Moved To Is Offsite, Offsite Owner Facility, Offsite Location Latitude, Offsite Location Longitude, Offsite Location Description, Disposition, Release Site, Release Site Latitude, Release Site Longitude, Purpose, Existing Marks, Existing Marks Quantity, Applied Marks, Applied Marks Quantity, Existing Tags, Applied Tags, Existing CWT, Existing CWT Value, Applied CWT, Applied CWT Value, Existing PIT, Applied PIT, Samples, Conditions, Recap, Injected, Weight, Notes, Group Notes, Import Custom
[INFO] 2025-09-16 02:41:34 UTC (2025-09-15 19:41:34 PT) - Successfully saved file: data/TrappingData.csv - Size: 18498374 bytes
[INFO] 2025-09-16 02:41:34 UTC (2025-09-15 19:41:34 PT) - Data summary:
[INFO] 2025-09-16 02:41:34 UTC (2025-09-15 19:41:34 PT) -   Date range: 03/13/2000 to 09/04/2025
[INFO] 2025-09-16 02:41:34 UTC (2025-09-15 19:41:34 PT) -   Total records: 32120
[INFO] 2025-09-16 02:41:34 UTC (2025-09-15 19:41:34 PT) - Download completed successfully
[INFO] 2025-09-17 02:41:05 UTC (2025-09-16 19:41:05 PT) - Starting nightly FINS trapping data download
[INFO] 2025-09-17 02:41:05 UTC (2025-09-16 19:41:05 PT) - API key found
[INFO] 2025-09-17 02:41:05 UTC (2025-09-16 19:41:05 PT) - Current PT time: 2025-09-16 19:41:05
[INFO] 2025-09-17 02:41:05 UTC (2025-09-16 19:41:05 PT) - Requesting ALL historical trapping data through 09/17/2025 for all of our FINS facilities
[INFO] 2025-09-17 02:41:43 UTC (2025-09-16 19:41:43 PT) - Downloaded 32120 rows of data
[INFO] 2025-09-17 02:41:43 UTC (2025-09-16 19:41:43 PT) - Columns: Finalize, Verify, Follow-Up, Trapped Date, Is Import, Facility, Trap, Trap Is Offsite, Trapping Session Name, Target Species, Target Run, Trapping Session Comments, Fish ID, Count, Species, Run, Sex, Origin, Origin Expression, Origin Description, Origin Start Date, Origin End Date, Origin Creator, Origin Creation Date, Living Status, Length, Age Designation, Age Calculated, Age Criteria Start Length, Age Criteria End Length, Age Criteria Start Date, Age Criteria End Date, Moved To Facility, Moved To, Moved To Location Type, Moved To Is Offsite, Offsite Owner Facility, Offsite Location Latitude, Offsite Location Longitude, Offsite Location Description, Disposition, Release Site, Release Site Latitude, Release Site Longitude, Purpose, Existing Marks, Existing Marks Quantity, Applied Marks, Applied Marks Quantity, Existing Tags, Applied Tags, Existing CWT, Existing CWT Value, Applied CWT, Applied CWT Value, Existing PIT, Applied PIT, Samples, Conditions, Recap, Injected, Weight, Notes, Group Notes, Import Custom
[INFO] 2025-09-17 02:41:43 UTC (2025-09-16 19:41:43 PT) - Successfully saved file: data/TrappingData.csv - Size: 18498374 bytes
[INFO] 2025-09-17 02:41:43 UTC (2025-09-16 19:41:43 PT) - Data summary:
[INFO] 2025-09-17 02:41:43 UTC (2025-09-16 19:41:43 PT) -   Date range: 03/13/2000 to 09/04/2025
[INFO] 2025-09-17 02:41:43 UTC (2025-09-16 19:41:43 PT) -   Total records: 32120
[INFO] 2025-09-17 02:41:43 UTC (2025-09-16 19:41:43 PT) - Download completed successfully
[INFO] 2025-09-18 02:40:31 UTC (2025-09-17 19:40:31 PT) - Starting nightly FINS trapping data download
[INFO] 2025-09-18 02:40:31 UTC (2025-09-17 19:40:31 PT) - API key found
[INFO] 2025-09-18 02:40:31 UTC (2025-09-17 19:40:31 PT) - Current PT time: 2025-09-17 19:40:31
[INFO] 2025-09-18 02:40:31 UTC (2025-09-17 19:40:31 PT) - Requesting ALL historical trapping data through 09/18/2025 for all of our FINS facilities
[INFO] 2025-09-18 02:41:13 UTC (2025-09-17 19:41:13 PT) - Downloaded 32120 rows of data
[INFO] 2025-09-18 02:41:13 UTC (2025-09-17 19:41:13 PT) - Columns: Finalize, Verify, Follow-Up, Trapped Date, Is Import, Facility, Trap, Trap Is Offsite, Trapping Session Name, Target Species, Target Run, Trapping Session Comments, Fish ID, Count, Species, Run, Sex, Origin, Origin Expression, Origin Description, Origin Start Date, Origin End Date, Origin Creator, Origin Creation Date, Living Status, Length, Age Designation, Age Calculated, Age Criteria Start Length, Age Criteria End Length, Age Criteria Start Date, Age Criteria End Date, Moved To Facility, Moved To, Moved To Location Type, Moved To Is Offsite, Offsite Owner Facility, Offsite Location Latitude, Offsite Location Longitude, Offsite Location Description, Disposition, Release Site, Release Site Latitude, Release Site Longitude, Purpose, Existing Marks, Existing Marks Quantity, Applied Marks, Applied Marks Quantity, Existing Tags, Applied Tags, Existing CWT, Existing CWT Value, Applied CWT, Applied CWT Value, Existing PIT, Applied PIT, Samples, Conditions, Recap, Injected, Weight, Notes, Group Notes, Import Custom
[INFO] 2025-09-18 02:41:13 UTC (2025-09-17 19:41:13 PT) - Successfully saved file: data/TrappingData.csv - Size: 18498374 bytes
[INFO] 2025-09-18 02:41:13 UTC (2025-09-17 19:41:13 PT) - Data summary:
[INFO] 2025-09-18 02:41:13 UTC (2025-09-17 19:41:13 PT) -   Date range: 03/13/2000 to 09/04/2025
[INFO] 2025-09-18 02:41:13 UTC (2025-09-17 19:41:13 PT) -   Total records: 32120
[INFO] 2025-09-18 02:41:13 UTC (2025-09-17 19:41:13 PT) - Download completed successfully
[INFO] 2025-09-19 02:45:32 UTC (2025-09-18 19:45:32 PT) - Starting nightly FINS trapping data download
[INFO] 2025-09-19 02:45:32 UTC (2025-09-18 19:45:32 PT) - API key found
[INFO] 2025-09-19 02:45:32 UTC (2025-09-18 19:45:32 PT) - Current PT time: 2025-09-18 19:45:32
[INFO] 2025-09-19 02:45:32 UTC (2025-09-18 19:45:32 PT) - Requesting ALL historical trapping data through 09/19/2025 for all of our FINS facilities
[INFO] 2025-09-19 02:46:09 UTC (2025-09-18 19:46:09 PT) - Downloaded 32120 rows of data
[INFO] 2025-09-19 02:46:09 UTC (2025-09-18 19:46:09 PT) - Columns: Finalize, Verify, Follow-Up, Trapped Date, Is Import, Facility, Trap, Trap Is Offsite, Trapping Session Name, Target Species, Target Run, Trapping Session Comments, Fish ID, Count, Species, Run, Sex, Origin, Origin Expression, Origin Description, Origin Start Date, Origin End Date, Origin Creator, Origin Creation Date, Living Status, Length, Age Designation, Age Calculated, Age Criteria Start Length, Age Criteria End Length, Age Criteria Start Date, Age Criteria End Date, Moved To Facility, Moved To, Moved To Location Type, Moved To Is Offsite, Offsite Owner Facility, Offsite Location Latitude, Offsite Location Longitude, Offsite Location Description, Disposition, Release Site, Release Site Latitude, Release Site Longitude, Purpose, Existing Marks, Existing Marks Quantity, Applied Marks, Applied Marks Quantity, Existing Tags, Applied Tags, Existing CWT, Existing CWT Value, Applied CWT, Applied CWT Value, Existing PIT, Applied PIT, Samples, Conditions, Recap, Injected, Weight, Notes, Group Notes, Import Custom
[INFO] 2025-09-19 02:46:09 UTC (2025-09-18 19:46:09 PT) - Successfully saved file: data/TrappingData.csv - Size: 18498374 bytes
[INFO] 2025-09-19 02:46:09 UTC (2025-09-18 19:46:09 PT) - Data summary:
[INFO] 2025-09-19 02:46:09 UTC (2025-09-18 19:46:09 PT) -   Date range: 03/13/2000 to 09/04/2025
[INFO] 2025-09-19 02:46:09 UTC (2025-09-18 19:46:09 PT) -   Total records: 32120
[INFO] 2025-09-19 02:46:09 UTC (2025-09-18 19:46:09 PT) - Download completed successfully
[INFO] 2025-09-20 02:39:37 UTC (2025-09-19 19:39:37 PT) - Starting nightly FINS trapping data download
[INFO] 2025-09-20 02:39:37 UTC (2025-09-19 19:39:37 PT) - API key found
[INFO] 2025-09-20 02:39:37 UTC (2025-09-19 19:39:37 PT) - Current PT time: 2025-09-19 19:39:37
[INFO] 2025-09-20 02:39:37 UTC (2025-09-19 19:39:37 PT) - Requesting ALL historical trapping data through 09/20/2025 for all of our FINS facilities
[INFO] 2025-09-20 02:40:19 UTC (2025-09-19 19:40:19 PT) - Downloaded 32120 rows of data
[INFO] 2025-09-20 02:40:19 UTC (2025-09-19 19:40:19 PT) - Columns: Finalize, Verify, Follow-Up, Trapped Date, Is Import, Facility, Trap, Trap Is Offsite, Trapping Session Name, Target Species, Target Run, Trapping Session Comments, Fish ID, Count, Species, Run, Sex, Origin, Origin Expression, Origin Description, Origin Start Date, Origin End Date, Origin Creator, Origin Creation Date, Living Status, Length, Age Designation, Age Calculated, Age Criteria Start Length, Age Criteria End Length, Age Criteria Start Date, Age Criteria End Date, Moved To Facility, Moved To, Moved To Location Type, Moved To Is Offsite, Offsite Owner Facility, Offsite Location Latitude, Offsite Location Longitude, Offsite Location Description, Disposition, Release Site, Release Site Latitude, Release Site Longitude, Purpose, Existing Marks, Existing Marks Quantity, Applied Marks, Applied Marks Quantity, Existing Tags, Applied Tags, Existing CWT, Existing CWT Value, Applied CWT, Applied CWT Value, Existing PIT, Applied PIT, Samples, Conditions, Recap, Injected, Weight, Notes, Group Notes, Import Custom
[INFO] 2025-09-20 02:40:19 UTC (2025-09-19 19:40:19 PT) - Successfully saved file: data/TrappingData.csv - Size: 18498374 bytes
[INFO] 2025-09-20 02:40:19 UTC (2025-09-19 19:40:19 PT) - Data summary:
[INFO] 2025-09-20 02:40:19 UTC (2025-09-19 19:40:19 PT) -   Date range: 03/13/2000 to 09/04/2025
[INFO] 2025-09-20 02:40:19 UTC (2025-09-19 19:40:19 PT) -   Total records: 32120
[INFO] 2025-09-20 02:40:19 UTC (2025-09-19 19:40:19 PT) - Download completed successfully
[INFO] 2025-09-21 02:50:38 UTC (2025-09-20 19:50:38 PT) - Starting nightly FINS trapping data download
[INFO] 2025-09-21 02:50:38 UTC (2025-09-20 19:50:38 PT) - API key found
[INFO] 2025-09-21 02:50:38 UTC (2025-09-20 19:50:38 PT) - Current PT time: 2025-09-20 19:50:38
[INFO] 2025-09-21 02:50:38 UTC (2025-09-20 19:50:38 PT) - Requesting ALL historical trapping data through 09/21/2025 for all of our FINS facilities
[INFO] 2025-09-21 02:51:21 UTC (2025-09-20 19:51:21 PT) - Downloaded 32120 rows of data
[INFO] 2025-09-21 02:51:21 UTC (2025-09-20 19:51:21 PT) - Columns: Finalize, Verify, Follow-Up, Trapped Date, Is Import, Facility, Trap, Trap Is Offsite, Trapping Session Name, Target Species, Target Run, Trapping Session Comments, Fish ID, Count, Species, Run, Sex, Origin, Origin Expression, Origin Description, Origin Start Date, Origin End Date, Origin Creator, Origin Creation Date, Living Status, Length, Age Designation, Age Calculated, Age Criteria Start Length, Age Criteria End Length, Age Criteria Start Date, Age Criteria End Date, Moved To Facility, Moved To, Moved To Location Type, Moved To Is Offsite, Offsite Owner Facility, Offsite Location Latitude, Offsite Location Longitude, Offsite Location Description, Disposition, Release Site, Release Site Latitude, Release Site Longitude, Purpose, Existing Marks, Existing Marks Quantity, Applied Marks, Applied Marks Quantity, Existing Tags, Applied Tags, Existing CWT, Existing CWT Value, Applied CWT, Applied CWT Value, Existing PIT, Applied PIT, Samples, Conditions, Recap, Injected, Weight, Notes, Group Notes, Import Custom
[INFO] 2025-09-21 02:51:21 UTC (2025-09-20 19:51:21 PT) - Successfully saved file: data/TrappingData.csv - Size: 18498374 bytes
[INFO] 2025-09-21 02:51:21 UTC (2025-09-20 19:51:21 PT) - Data summary:
[INFO] 2025-09-21 02:51:21 UTC (2025-09-20 19:51:21 PT) -   Date range: 03/13/2000 to 09/04/2025
[INFO] 2025-09-21 02:51:21 UTC (2025-09-20 19:51:21 PT) -   Total records: 32120
[INFO] 2025-09-21 02:51:21 UTC (2025-09-20 19:51:21 PT) - Download completed successfully
