[INFO] 2025-07-11 03:45:44 UTC (2025-07-10 20:45:44 PT) - Starting nightly FINS spawning data download
[INFO] 2025-07-11 03:45:45 UTC (2025-07-10 20:45:45 PT) - API key found
[INFO] 2025-07-11 03:45:45 UTC (2025-07-10 20:45:45 PT) - Current PT time: 2025-07-10 20:45:45
[INFO] 2025-07-11 03:45:45 UTC (2025-07-10 20:45:45 PT) - Requesting ALL historical spawning data through 07/11/2025 for all of our FINS facilities
[INFO] 2025-07-11 03:45:55 UTC (2025-07-10 20:45:55 PT) - Downloaded 1397 rows of data
[INFO] 2025-07-11 03:45:55 UTC (2025-07-10 20:45:55 PT) - Columns: Verify, Finalize, Follow-Up, Session Date, Moved From Facility, Spawning Location, Spawning Location Is Offsite, Spawning Offsite Owner Facility, Spawning Offsite Location Latitude, Spawning Offsite Location Longitude, Spawning Offsite Location Description, Spawning Session Name, Is Import, Is Group Session, Import Custom, Spawning Session Lot #, Cross ID, Spawn ID, Sex, Origin, Origin Expression, Origin Description, Origin Start Date, Origin End Date, Origin Creator, Origin Creation Date, Spawning Ratio, Stock, Stock Agency, Stock Facility, Stock Description, Session Progeny, Brood Year, Spawning Session Comments, Species, Run, Egg Weight(g), Estimated Egg Count, Edit Spawn Cross Notes, Immediate Container, Times Used, Length, Age Calculated, Age Criteria Start Length, Age Criteria End Length, Age Criteria End Date, Age Criteria Start Date, Age Designation, Spawn Status, Living State, Why Not Spawned, Moved From, Moved From Is Offsite, Offsite Moved From Owner Facility, Offsite Moved From Latitude, Offsite Moved From Longitude, Offsite Moved From Location Description, Source Trap Facility, Source Trap, Moved To, Moved To Is Offsite, Offsite Moved To Owner Facility, Offsite Moved To Latitude, Offsite Moved To Longitude, Offsite Moved To Location Description, Moved To Facility, Release Site, Release Site Latitude, Release Site Longitude, Disposition, Purpose, Existing Marks, Existing Marks Quantity, Applied Marks, Applied Marks Quantity, Existing Tags, Applied Tags, Existing CWT, Existing CWT Value, Applied CWT, Applied CWT Value, Existing PIT, Applied PIT, GEN Sample, Samples, Conditions, Notes
[INFO] 2025-07-11 03:45:55 UTC (2025-07-10 20:45:55 PT) - Successfully saved file: data/SpawningData.csv - Size: 1010400 bytes
[INFO] 2025-07-11 03:45:55 UTC (2025-07-10 20:45:55 PT) - Data summary:
[INFO] 2025-07-11 03:45:55 UTC (2025-07-10 20:45:55 PT) -   Date range: 08/12/2020 to 08/23/2022
[INFO] 2025-07-11 03:45:55 UTC (2025-07-10 20:45:55 PT) -   Total records: 1397
[INFO] 2025-07-11 03:45:55 UTC (2025-07-10 20:45:55 PT) - Download completed successfully
[INFO] 2025-07-12 03:41:18 UTC (2025-07-11 20:41:18 PT) - Starting nightly FINS spawning data download
[INFO] 2025-07-12 03:41:18 UTC (2025-07-11 20:41:18 PT) - API key found
[INFO] 2025-07-12 03:41:18 UTC (2025-07-11 20:41:18 PT) - Current PT time: 2025-07-11 20:41:18
[INFO] 2025-07-12 03:41:18 UTC (2025-07-11 20:41:18 PT) - Requesting ALL historical spawning data through 07/12/2025 for all of our FINS facilities
[INFO] 2025-07-12 03:41:28 UTC (2025-07-11 20:41:28 PT) - Downloaded 1397 rows of data
[INFO] 2025-07-12 03:41:28 UTC (2025-07-11 20:41:28 PT) - Columns: Verify, Finalize, Follow-Up, Session Date, Moved From Facility, Spawning Location, Spawning Location Is Offsite, Spawning Offsite Owner Facility, Spawning Offsite Location Latitude, Spawning Offsite Location Longitude, Spawning Offsite Location Description, Spawning Session Name, Is Import, Is Group Session, Import Custom, Spawning Session Lot #, Cross ID, Spawn ID, Sex, Origin, Origin Expression, Origin Description, Origin Start Date, Origin End Date, Origin Creator, Origin Creation Date, Spawning Ratio, Stock, Stock Agency, Stock Facility, Stock Description, Session Progeny, Brood Year, Spawning Session Comments, Species, Run, Egg Weight(g), Estimated Egg Count, Edit Spawn Cross Notes, Immediate Container, Times Used, Length, Age Calculated, Age Criteria Start Length, Age Criteria End Length, Age Criteria End Date, Age Criteria Start Date, Age Designation, Spawn Status, Living State, Why Not Spawned, Moved From, Moved From Is Offsite, Offsite Moved From Owner Facility, Offsite Moved From Latitude, Offsite Moved From Longitude, Offsite Moved From Location Description, Source Trap Facility, Source Trap, Moved To, Moved To Is Offsite, Offsite Moved To Owner Facility, Offsite Moved To Latitude, Offsite Moved To Longitude, Offsite Moved To Location Description, Moved To Facility, Release Site, Release Site Latitude, Release Site Longitude, Disposition, Purpose, Existing Marks, Existing Marks Quantity, Applied Marks, Applied Marks Quantity, Existing Tags, Applied Tags, Existing CWT, Existing CWT Value, Applied CWT, Applied CWT Value, Existing PIT, Applied PIT, GEN Sample, Samples, Conditions, Notes
[INFO] 2025-07-12 03:41:28 UTC (2025-07-11 20:41:28 PT) - Successfully saved file: data/SpawningData.csv - Size: 1010400 bytes
[INFO] 2025-07-12 03:41:28 UTC (2025-07-11 20:41:28 PT) - Data summary:
[INFO] 2025-07-12 03:41:28 UTC (2025-07-11 20:41:28 PT) -   Date range: 08/12/2020 to 08/23/2022
[INFO] 2025-07-12 03:41:28 UTC (2025-07-11 20:41:28 PT) -   Total records: 1397
[INFO] 2025-07-12 03:41:28 UTC (2025-07-11 20:41:28 PT) - Download completed successfully
[INFO] 2025-07-13 03:48:26 UTC (2025-07-12 20:48:26 PT) - Starting nightly FINS spawning data download
[INFO] 2025-07-13 03:48:26 UTC (2025-07-12 20:48:26 PT) - API key found
[INFO] 2025-07-13 03:48:26 UTC (2025-07-12 20:48:26 PT) - Current PT time: 2025-07-12 20:48:26
[INFO] 2025-07-13 03:48:26 UTC (2025-07-12 20:48:26 PT) - Requesting ALL historical spawning data through 07/13/2025 for all of our FINS facilities
[INFO] 2025-07-13 03:48:37 UTC (2025-07-12 20:48:37 PT) - Downloaded 1397 rows of data
[INFO] 2025-07-13 03:48:37 UTC (2025-07-12 20:48:37 PT) - Columns: Verify, Finalize, Follow-Up, Session Date, Moved From Facility, Spawning Location, Spawning Location Is Offsite, Spawning Offsite Owner Facility, Spawning Offsite Location Latitude, Spawning Offsite Location Longitude, Spawning Offsite Location Description, Spawning Session Name, Is Import, Is Group Session, Import Custom, Spawning Session Lot #, Cross ID, Spawn ID, Sex, Origin, Origin Expression, Origin Description, Origin Start Date, Origin End Date, Origin Creator, Origin Creation Date, Spawning Ratio, Stock, Stock Agency, Stock Facility, Stock Description, Session Progeny, Brood Year, Spawning Session Comments, Species, Run, Egg Weight(g), Estimated Egg Count, Edit Spawn Cross Notes, Immediate Container, Times Used, Length, Age Calculated, Age Criteria Start Length, Age Criteria End Length, Age Criteria End Date, Age Criteria Start Date, Age Designation, Spawn Status, Living State, Why Not Spawned, Moved From, Moved From Is Offsite, Offsite Moved From Owner Facility, Offsite Moved From Latitude, Offsite Moved From Longitude, Offsite Moved From Location Description, Source Trap Facility, Source Trap, Moved To, Moved To Is Offsite, Offsite Moved To Owner Facility, Offsite Moved To Latitude, Offsite Moved To Longitude, Offsite Moved To Location Description, Moved To Facility, Release Site, Release Site Latitude, Release Site Longitude, Disposition, Purpose, Existing Marks, Existing Marks Quantity, Applied Marks, Applied Marks Quantity, Existing Tags, Applied Tags, Existing CWT, Existing CWT Value, Applied CWT, Applied CWT Value, Existing PIT, Applied PIT, GEN Sample, Samples, Conditions, Notes
[INFO] 2025-07-13 03:48:37 UTC (2025-07-12 20:48:37 PT) - Successfully saved file: data/SpawningData.csv - Size: 1010400 bytes
[INFO] 2025-07-13 03:48:37 UTC (2025-07-12 20:48:37 PT) - Data summary:
[INFO] 2025-07-13 03:48:37 UTC (2025-07-12 20:48:37 PT) -   Date range: 08/12/2020 to 08/23/2022
[INFO] 2025-07-13 03:48:37 UTC (2025-07-12 20:48:37 PT) -   Total records: 1397
[INFO] 2025-07-13 03:48:37 UTC (2025-07-12 20:48:37 PT) - Download completed successfully
[INFO] 2025-07-14 03:49:03 UTC (2025-07-13 20:49:03 PT) - Starting nightly FINS spawning data download
[INFO] 2025-07-14 03:49:03 UTC (2025-07-13 20:49:03 PT) - API key found
[INFO] 2025-07-14 03:49:03 UTC (2025-07-13 20:49:03 PT) - Current PT time: 2025-07-13 20:49:03
[INFO] 2025-07-14 03:49:03 UTC (2025-07-13 20:49:03 PT) - Requesting ALL historical spawning data through 07/14/2025 for all of our FINS facilities
[INFO] 2025-07-14 03:49:14 UTC (2025-07-13 20:49:14 PT) - Downloaded 1397 rows of data
[INFO] 2025-07-14 03:49:14 UTC (2025-07-13 20:49:14 PT) - Columns: Verify, Finalize, Follow-Up, Session Date, Moved From Facility, Spawning Location, Spawning Location Is Offsite, Spawning Offsite Owner Facility, Spawning Offsite Location Latitude, Spawning Offsite Location Longitude, Spawning Offsite Location Description, Spawning Session Name, Is Import, Is Group Session, Import Custom, Spawning Session Lot #, Cross ID, Spawn ID, Sex, Origin, Origin Expression, Origin Description, Origin Start Date, Origin End Date, Origin Creator, Origin Creation Date, Spawning Ratio, Stock, Stock Agency, Stock Facility, Stock Description, Session Progeny, Brood Year, Spawning Session Comments, Species, Run, Egg Weight(g), Estimated Egg Count, Edit Spawn Cross Notes, Immediate Container, Times Used, Length, Age Calculated, Age Criteria Start Length, Age Criteria End Length, Age Criteria End Date, Age Criteria Start Date, Age Designation, Spawn Status, Living State, Why Not Spawned, Moved From, Moved From Is Offsite, Offsite Moved From Owner Facility, Offsite Moved From Latitude, Offsite Moved From Longitude, Offsite Moved From Location Description, Source Trap Facility, Source Trap, Moved To, Moved To Is Offsite, Offsite Moved To Owner Facility, Offsite Moved To Latitude, Offsite Moved To Longitude, Offsite Moved To Location Description, Moved To Facility, Release Site, Release Site Latitude, Release Site Longitude, Disposition, Purpose, Existing Marks, Existing Marks Quantity, Applied Marks, Applied Marks Quantity, Existing Tags, Applied Tags, Existing CWT, Existing CWT Value, Applied CWT, Applied CWT Value, Existing PIT, Applied PIT, GEN Sample, Samples, Conditions, Notes
[INFO] 2025-07-14 03:49:14 UTC (2025-07-13 20:49:14 PT) - Successfully saved file: data/SpawningData.csv - Size: 1010400 bytes
[INFO] 2025-07-14 03:49:14 UTC (2025-07-13 20:49:14 PT) - Data summary:
[INFO] 2025-07-14 03:49:14 UTC (2025-07-13 20:49:14 PT) -   Date range: 08/12/2020 to 08/23/2022
[INFO] 2025-07-14 03:49:14 UTC (2025-07-13 20:49:14 PT) -   Total records: 1397
[INFO] 2025-07-14 03:49:14 UTC (2025-07-13 20:49:14 PT) - Download completed successfully
[INFO] 2025-07-15 03:45:57 UTC (2025-07-14 20:45:57 PT) - Starting nightly FINS spawning data download
[INFO] 2025-07-15 03:45:57 UTC (2025-07-14 20:45:57 PT) - API key found
[INFO] 2025-07-15 03:45:57 UTC (2025-07-14 20:45:57 PT) - Current PT time: 2025-07-14 20:45:57
[INFO] 2025-07-15 03:45:57 UTC (2025-07-14 20:45:57 PT) - Requesting ALL historical spawning data through 07/15/2025 for all of our FINS facilities
[INFO] 2025-07-15 03:46:08 UTC (2025-07-14 20:46:08 PT) - Downloaded 1397 rows of data
[INFO] 2025-07-15 03:46:08 UTC (2025-07-14 20:46:08 PT) - Columns: Verify, Finalize, Follow-Up, Session Date, Moved From Facility, Spawning Location, Spawning Location Is Offsite, Spawning Offsite Owner Facility, Spawning Offsite Location Latitude, Spawning Offsite Location Longitude, Spawning Offsite Location Description, Spawning Session Name, Is Import, Is Group Session, Import Custom, Spawning Session Lot #, Cross ID, Spawn ID, Sex, Origin, Origin Expression, Origin Description, Origin Start Date, Origin End Date, Origin Creator, Origin Creation Date, Spawning Ratio, Stock, Stock Agency, Stock Facility, Stock Description, Session Progeny, Brood Year, Spawning Session Comments, Species, Run, Egg Weight(g), Estimated Egg Count, Edit Spawn Cross Notes, Immediate Container, Times Used, Length, Age Calculated, Age Criteria Start Length, Age Criteria End Length, Age Criteria End Date, Age Criteria Start Date, Age Designation, Spawn Status, Living State, Why Not Spawned, Moved From, Moved From Is Offsite, Offsite Moved From Owner Facility, Offsite Moved From Latitude, Offsite Moved From Longitude, Offsite Moved From Location Description, Source Trap Facility, Source Trap, Moved To, Moved To Is Offsite, Offsite Moved To Owner Facility, Offsite Moved To Latitude, Offsite Moved To Longitude, Offsite Moved To Location Description, Moved To Facility, Release Site, Release Site Latitude, Release Site Longitude, Disposition, Purpose, Existing Marks, Existing Marks Quantity, Applied Marks, Applied Marks Quantity, Existing Tags, Applied Tags, Existing CWT, Existing CWT Value, Applied CWT, Applied CWT Value, Existing PIT, Applied PIT, GEN Sample, Samples, Conditions, Notes
[INFO] 2025-07-15 03:46:08 UTC (2025-07-14 20:46:08 PT) - Successfully saved file: data/SpawningData.csv - Size: 1010400 bytes
[INFO] 2025-07-15 03:46:08 UTC (2025-07-14 20:46:08 PT) - Data summary:
[INFO] 2025-07-15 03:46:08 UTC (2025-07-14 20:46:08 PT) -   Date range: 08/12/2020 to 08/23/2022
[INFO] 2025-07-15 03:46:08 UTC (2025-07-14 20:46:08 PT) -   Total records: 1397
[INFO] 2025-07-15 03:46:08 UTC (2025-07-14 20:46:08 PT) - Download completed successfully
[INFO] 2025-07-16 03:44:01 UTC (2025-07-15 20:44:01 PT) - Starting nightly FINS spawning data download
[INFO] 2025-07-16 03:44:01 UTC (2025-07-15 20:44:01 PT) - API key found
[INFO] 2025-07-16 03:44:01 UTC (2025-07-15 20:44:01 PT) - Current PT time: 2025-07-15 20:44:01
[INFO] 2025-07-16 03:44:01 UTC (2025-07-15 20:44:01 PT) - Requesting ALL historical spawning data through 07/16/2025 for all of our FINS facilities
[INFO] 2025-07-16 03:44:14 UTC (2025-07-15 20:44:14 PT) - Downloaded 1397 rows of data
[INFO] 2025-07-16 03:44:14 UTC (2025-07-15 20:44:14 PT) - Columns: Verify, Finalize, Follow-Up, Session Date, Moved From Facility, Spawning Location, Spawning Location Is Offsite, Spawning Offsite Owner Facility, Spawning Offsite Location Latitude, Spawning Offsite Location Longitude, Spawning Offsite Location Description, Spawning Session Name, Is Import, Is Group Session, Import Custom, Spawning Session Lot #, Cross ID, Spawn ID, Sex, Origin, Origin Expression, Origin Description, Origin Start Date, Origin End Date, Origin Creator, Origin Creation Date, Spawning Ratio, Stock, Stock Agency, Stock Facility, Stock Description, Session Progeny, Brood Year, Spawning Session Comments, Species, Run, Egg Weight(g), Estimated Egg Count, Edit Spawn Cross Notes, Immediate Container, Times Used, Length, Age Calculated, Age Criteria Start Length, Age Criteria End Length, Age Criteria End Date, Age Criteria Start Date, Age Designation, Spawn Status, Living State, Why Not Spawned, Moved From, Moved From Is Offsite, Offsite Moved From Owner Facility, Offsite Moved From Latitude, Offsite Moved From Longitude, Offsite Moved From Location Description, Source Trap Facility, Source Trap, Moved To, Moved To Is Offsite, Offsite Moved To Owner Facility, Offsite Moved To Latitude, Offsite Moved To Longitude, Offsite Moved To Location Description, Moved To Facility, Release Site, Release Site Latitude, Release Site Longitude, Disposition, Purpose, Existing Marks, Existing Marks Quantity, Applied Marks, Applied Marks Quantity, Existing Tags, Applied Tags, Existing CWT, Existing CWT Value, Applied CWT, Applied CWT Value, Existing PIT, Applied PIT, GEN Sample, Samples, Conditions, Notes
[INFO] 2025-07-16 03:44:14 UTC (2025-07-15 20:44:14 PT) - Successfully saved file: data/SpawningData.csv - Size: 1010400 bytes
[INFO] 2025-07-16 03:44:14 UTC (2025-07-15 20:44:14 PT) - Data summary:
[INFO] 2025-07-16 03:44:14 UTC (2025-07-15 20:44:14 PT) -   Date range: 08/12/2020 to 08/23/2022
[INFO] 2025-07-16 03:44:14 UTC (2025-07-15 20:44:14 PT) -   Total records: 1397
[INFO] 2025-07-16 03:44:14 UTC (2025-07-15 20:44:14 PT) - Download completed successfully
[INFO] 2025-07-17 03:43:51 UTC (2025-07-16 20:43:51 PT) - Starting nightly FINS spawning data download
[INFO] 2025-07-17 03:43:51 UTC (2025-07-16 20:43:51 PT) - API key found
[INFO] 2025-07-17 03:43:51 UTC (2025-07-16 20:43:51 PT) - Current PT time: 2025-07-16 20:43:51
[INFO] 2025-07-17 03:43:51 UTC (2025-07-16 20:43:51 PT) - Requesting ALL historical spawning data through 07/17/2025 for all of our FINS facilities
[INFO] 2025-07-17 03:44:02 UTC (2025-07-16 20:44:02 PT) - Downloaded 1397 rows of data
[INFO] 2025-07-17 03:44:02 UTC (2025-07-16 20:44:02 PT) - Columns: Verify, Finalize, Follow-Up, Session Date, Moved From Facility, Spawning Location, Spawning Location Is Offsite, Spawning Offsite Owner Facility, Spawning Offsite Location Latitude, Spawning Offsite Location Longitude, Spawning Offsite Location Description, Spawning Session Name, Is Import, Is Group Session, Import Custom, Spawning Session Lot #, Cross ID, Spawn ID, Sex, Origin, Origin Expression, Origin Description, Origin Start Date, Origin End Date, Origin Creator, Origin Creation Date, Spawning Ratio, Stock, Stock Agency, Stock Facility, Stock Description, Session Progeny, Brood Year, Spawning Session Comments, Species, Run, Egg Weight(g), Estimated Egg Count, Edit Spawn Cross Notes, Immediate Container, Times Used, Length, Age Calculated, Age Criteria Start Length, Age Criteria End Length, Age Criteria End Date, Age Criteria Start Date, Age Designation, Spawn Status, Living State, Why Not Spawned, Moved From, Moved From Is Offsite, Offsite Moved From Owner Facility, Offsite Moved From Latitude, Offsite Moved From Longitude, Offsite Moved From Location Description, Source Trap Facility, Source Trap, Moved To, Moved To Is Offsite, Offsite Moved To Owner Facility, Offsite Moved To Latitude, Offsite Moved To Longitude, Offsite Moved To Location Description, Moved To Facility, Release Site, Release Site Latitude, Release Site Longitude, Disposition, Purpose, Existing Marks, Existing Marks Quantity, Applied Marks, Applied Marks Quantity, Existing Tags, Applied Tags, Existing CWT, Existing CWT Value, Applied CWT, Applied CWT Value, Existing PIT, Applied PIT, GEN Sample, Samples, Conditions, Notes
[INFO] 2025-07-17 03:44:02 UTC (2025-07-16 20:44:02 PT) - Successfully saved file: data/SpawningData.csv - Size: 1010400 bytes
[INFO] 2025-07-17 03:44:02 UTC (2025-07-16 20:44:02 PT) - Data summary:
[INFO] 2025-07-17 03:44:02 UTC (2025-07-16 20:44:02 PT) -   Date range: 08/12/2020 to 08/23/2022
[INFO] 2025-07-17 03:44:02 UTC (2025-07-16 20:44:02 PT) -   Total records: 1397
[INFO] 2025-07-17 03:44:02 UTC (2025-07-16 20:44:02 PT) - Download completed successfully
[INFO] 2025-07-18 03:46:03 UTC (2025-07-17 20:46:03 PT) - Starting nightly FINS spawning data download
[INFO] 2025-07-18 03:46:03 UTC (2025-07-17 20:46:03 PT) - API key found
[INFO] 2025-07-18 03:46:03 UTC (2025-07-17 20:46:03 PT) - Current PT time: 2025-07-17 20:46:03
[INFO] 2025-07-18 03:46:03 UTC (2025-07-17 20:46:03 PT) - Requesting ALL historical spawning data through 07/18/2025 for all of our FINS facilities
[INFO] 2025-07-18 03:46:15 UTC (2025-07-17 20:46:15 PT) - Downloaded 1397 rows of data
[INFO] 2025-07-18 03:46:15 UTC (2025-07-17 20:46:15 PT) - Columns: Verify, Finalize, Follow-Up, Session Date, Moved From Facility, Spawning Location, Spawning Location Is Offsite, Spawning Offsite Owner Facility, Spawning Offsite Location Latitude, Spawning Offsite Location Longitude, Spawning Offsite Location Description, Spawning Session Name, Is Import, Is Group Session, Import Custom, Spawning Session Lot #, Cross ID, Spawn ID, Sex, Origin, Origin Expression, Origin Description, Origin Start Date, Origin End Date, Origin Creator, Origin Creation Date, Spawning Ratio, Stock, Stock Agency, Stock Facility, Stock Description, Session Progeny, Brood Year, Spawning Session Comments, Species, Run, Egg Weight(g), Estimated Egg Count, Edit Spawn Cross Notes, Immediate Container, Times Used, Length, Age Calculated, Age Criteria Start Length, Age Criteria End Length, Age Criteria End Date, Age Criteria Start Date, Age Designation, Spawn Status, Living State, Why Not Spawned, Moved From, Moved From Is Offsite, Offsite Moved From Owner Facility, Offsite Moved From Latitude, Offsite Moved From Longitude, Offsite Moved From Location Description, Source Trap Facility, Source Trap, Moved To, Moved To Is Offsite, Offsite Moved To Owner Facility, Offsite Moved To Latitude, Offsite Moved To Longitude, Offsite Moved To Location Description, Moved To Facility, Release Site, Release Site Latitude, Release Site Longitude, Disposition, Purpose, Existing Marks, Existing Marks Quantity, Applied Marks, Applied Marks Quantity, Existing Tags, Applied Tags, Existing CWT, Existing CWT Value, Applied CWT, Applied CWT Value, Existing PIT, Applied PIT, GEN Sample, Samples, Conditions, Notes
[INFO] 2025-07-18 03:46:15 UTC (2025-07-17 20:46:15 PT) - Successfully saved file: data/SpawningData.csv - Size: 1010400 bytes
[INFO] 2025-07-18 03:46:15 UTC (2025-07-17 20:46:15 PT) - Data summary:
[INFO] 2025-07-18 03:46:15 UTC (2025-07-17 20:46:15 PT) -   Date range: 08/12/2020 to 08/23/2022
[INFO] 2025-07-18 03:46:15 UTC (2025-07-17 20:46:15 PT) -   Total records: 1397
[INFO] 2025-07-18 03:46:15 UTC (2025-07-17 20:46:15 PT) - Download completed successfully
[INFO] 2025-07-23 03:45:55 UTC (2025-07-22 20:45:55 PT) - Starting nightly FINS spawning data download
[INFO] 2025-07-23 03:45:55 UTC (2025-07-22 20:45:55 PT) - API key found
[INFO] 2025-07-23 03:45:55 UTC (2025-07-22 20:45:55 PT) - Current PT time: 2025-07-22 20:45:55
[INFO] 2025-07-23 03:45:55 UTC (2025-07-22 20:45:55 PT) - Requesting ALL historical spawning data through 07/23/2025 for all of our FINS facilities
[INFO] 2025-07-23 03:46:05 UTC (2025-07-22 20:46:05 PT) - Downloaded 1397 rows of data
[INFO] 2025-07-23 03:46:05 UTC (2025-07-22 20:46:05 PT) - Columns: Verify, Finalize, Follow-Up, Session Date, Moved From Facility, Spawning Location, Spawning Location Is Offsite, Spawning Offsite Owner Facility, Spawning Offsite Location Latitude, Spawning Offsite Location Longitude, Spawning Offsite Location Description, Spawning Session Name, Is Import, Is Group Session, Import Custom, Spawning Session Lot #, Cross ID, Spawn ID, Sex, Origin, Origin Expression, Origin Description, Origin Start Date, Origin End Date, Origin Creator, Origin Creation Date, Spawning Ratio, Stock, Stock Agency, Stock Facility, Stock Description, Session Progeny, Brood Year, Spawning Session Comments, Species, Run, Egg Weight(g), Estimated Egg Count, Edit Spawn Cross Notes, Immediate Container, Times Used, Length, Age Calculated, Age Criteria Start Length, Age Criteria End Length, Age Criteria End Date, Age Criteria Start Date, Age Designation, Spawn Status, Living State, Why Not Spawned, Moved From, Moved From Is Offsite, Offsite Moved From Owner Facility, Offsite Moved From Latitude, Offsite Moved From Longitude, Offsite Moved From Location Description, Source Trap Facility, Source Trap, Moved To, Moved To Is Offsite, Offsite Moved To Owner Facility, Offsite Moved To Latitude, Offsite Moved To Longitude, Offsite Moved To Location Description, Moved To Facility, Release Site, Release Site Latitude, Release Site Longitude, Disposition, Purpose, Existing Marks, Existing Marks Quantity, Applied Marks, Applied Marks Quantity, Existing Tags, Applied Tags, Existing CWT, Existing CWT Value, Applied CWT, Applied CWT Value, Existing PIT, Applied PIT, GEN Sample, Samples, Conditions, Notes
[INFO] 2025-07-23 03:46:05 UTC (2025-07-22 20:46:05 PT) - Successfully saved file: data/SpawningData.csv - Size: 1010400 bytes
[INFO] 2025-07-23 03:46:05 UTC (2025-07-22 20:46:05 PT) - Data summary:
[INFO] 2025-07-23 03:46:05 UTC (2025-07-22 20:46:05 PT) -   Date range: 08/12/2020 to 08/23/2022
[INFO] 2025-07-23 03:46:05 UTC (2025-07-22 20:46:05 PT) -   Total records: 1397
[INFO] 2025-07-23 03:46:05 UTC (2025-07-22 20:46:05 PT) - Download completed successfully
[INFO] 2025-07-30 03:49:39 UTC (2025-07-29 20:49:39 PT) - Starting nightly FINS spawning data download
[INFO] 2025-07-30 03:49:39 UTC (2025-07-29 20:49:39 PT) - API key found
[INFO] 2025-07-30 03:49:39 UTC (2025-07-29 20:49:39 PT) - Current PT time: 2025-07-29 20:49:39
[INFO] 2025-07-30 03:49:39 UTC (2025-07-29 20:49:39 PT) - Requesting ALL historical spawning data through 07/30/2025 for all of our FINS facilities
[INFO] 2025-07-30 03:49:51 UTC (2025-07-29 20:49:51 PT) - Downloaded 1397 rows of data
[INFO] 2025-07-30 03:49:51 UTC (2025-07-29 20:49:51 PT) - Columns: Verify, Finalize, Follow-Up, Session Date, Moved From Facility, Spawning Location, Spawning Location Is Offsite, Spawning Offsite Owner Facility, Spawning Offsite Location Latitude, Spawning Offsite Location Longitude, Spawning Offsite Location Description, Spawning Session Name, Is Import, Is Group Session, Import Custom, Spawning Session Lot #, Cross ID, Spawn ID, Sex, Origin, Origin Expression, Origin Description, Origin Start Date, Origin End Date, Origin Creator, Origin Creation Date, Spawning Ratio, Stock, Stock Agency, Stock Facility, Stock Description, Session Progeny, Brood Year, Spawning Session Comments, Species, Run, Egg Weight(g), Estimated Egg Count, Edit Spawn Cross Notes, Immediate Container, Times Used, Length, Age Calculated, Age Criteria Start Length, Age Criteria End Length, Age Criteria End Date, Age Criteria Start Date, Age Designation, Spawn Status, Living State, Why Not Spawned, Moved From, Moved From Is Offsite, Offsite Moved From Owner Facility, Offsite Moved From Latitude, Offsite Moved From Longitude, Offsite Moved From Location Description, Source Trap Facility, Source Trap, Moved To, Moved To Is Offsite, Offsite Moved To Owner Facility, Offsite Moved To Latitude, Offsite Moved To Longitude, Offsite Moved To Location Description, Moved To Facility, Release Site, Release Site Latitude, Release Site Longitude, Disposition, Purpose, Existing Marks, Existing Marks Quantity, Applied Marks, Applied Marks Quantity, Existing Tags, Applied Tags, Existing CWT, Existing CWT Value, Applied CWT, Applied CWT Value, Existing PIT, Applied PIT, GEN Sample, Samples, Conditions, Notes
[INFO] 2025-07-30 03:49:51 UTC (2025-07-29 20:49:51 PT) - Successfully saved file: data/SpawningData.csv - Size: 1010400 bytes
[INFO] 2025-07-30 03:49:51 UTC (2025-07-29 20:49:51 PT) - Data summary:
[INFO] 2025-07-30 03:49:51 UTC (2025-07-29 20:49:51 PT) -   Date range: 08/12/2020 to 08/23/2022
[INFO] 2025-07-30 03:49:51 UTC (2025-07-29 20:49:51 PT) -   Total records: 1397
[INFO] 2025-07-30 03:49:51 UTC (2025-07-29 20:49:51 PT) - Download completed successfully
[INFO] 2025-08-06 03:52:22 UTC (2025-08-05 20:52:22 PT) - Starting nightly FINS spawning data download
[INFO] 2025-08-06 03:52:22 UTC (2025-08-05 20:52:22 PT) - API key found
[INFO] 2025-08-06 03:52:22 UTC (2025-08-05 20:52:22 PT) - Current PT time: 2025-08-05 20:52:22
[INFO] 2025-08-06 03:52:22 UTC (2025-08-05 20:52:22 PT) - Requesting ALL historical spawning data through 08/06/2025 for all of our FINS facilities
[INFO] 2025-08-06 03:52:35 UTC (2025-08-05 20:52:35 PT) - Downloaded 1397 rows of data
[INFO] 2025-08-06 03:52:35 UTC (2025-08-05 20:52:35 PT) - Columns: Verify, Finalize, Follow-Up, Session Date, Moved From Facility, Spawning Location, Spawning Location Is Offsite, Spawning Offsite Owner Facility, Spawning Offsite Location Latitude, Spawning Offsite Location Longitude, Spawning Offsite Location Description, Spawning Session Name, Is Import, Is Group Session, Import Custom, Spawning Session Lot #, Cross ID, Spawn ID, Sex, Origin, Origin Expression, Origin Description, Origin Start Date, Origin End Date, Origin Creator, Origin Creation Date, Spawning Ratio, Stock, Stock Agency, Stock Facility, Stock Description, Session Progeny, Brood Year, Spawning Session Comments, Species, Run, Egg Weight(g), Estimated Egg Count, Edit Spawn Cross Notes, Immediate Container, Times Used, Length, Age Calculated, Age Criteria Start Length, Age Criteria End Length, Age Criteria End Date, Age Criteria Start Date, Age Designation, Spawn Status, Living State, Why Not Spawned, Moved From, Moved From Is Offsite, Offsite Moved From Owner Facility, Offsite Moved From Latitude, Offsite Moved From Longitude, Offsite Moved From Location Description, Source Trap Facility, Source Trap, Moved To, Moved To Is Offsite, Offsite Moved To Owner Facility, Offsite Moved To Latitude, Offsite Moved To Longitude, Offsite Moved To Location Description, Moved To Facility, Release Site, Release Site Latitude, Release Site Longitude, Disposition, Purpose, Existing Marks, Existing Marks Quantity, Applied Marks, Applied Marks Quantity, Existing Tags, Applied Tags, Existing CWT, Existing CWT Value, Applied CWT, Applied CWT Value, Existing PIT, Applied PIT, GEN Sample, Samples, Conditions, Notes
[INFO] 2025-08-06 03:52:35 UTC (2025-08-05 20:52:35 PT) - Successfully saved file: data/SpawningData.csv - Size: 1050733 bytes
[INFO] 2025-08-06 03:52:35 UTC (2025-08-05 20:52:35 PT) - Data summary:
[INFO] 2025-08-06 03:52:35 UTC (2025-08-05 20:52:35 PT) -   Date range: 08/12/2020 to 08/23/2022
[INFO] 2025-08-06 03:52:35 UTC (2025-08-05 20:52:35 PT) -   Total records: 1397
[INFO] 2025-08-06 03:52:35 UTC (2025-08-05 20:52:35 PT) - Download completed successfully
[INFO] 2025-08-13 03:35:05 UTC (2025-08-12 20:35:05 PT) - Starting nightly FINS spawning data download
[INFO] 2025-08-13 03:35:05 UTC (2025-08-12 20:35:05 PT) - API key found
[INFO] 2025-08-13 03:35:05 UTC (2025-08-12 20:35:05 PT) - Current PT time: 2025-08-12 20:35:05
[INFO] 2025-08-13 03:35:05 UTC (2025-08-12 20:35:05 PT) - Requesting ALL historical spawning data through 08/13/2025 for all of our FINS facilities
[INFO] 2025-08-13 03:35:14 UTC (2025-08-12 20:35:14 PT) - Downloaded 1397 rows of data
[INFO] 2025-08-13 03:35:14 UTC (2025-08-12 20:35:14 PT) - Columns: Verify, Finalize, Follow-Up, Session Date, Moved From Facility, Spawning Location, Spawning Location Is Offsite, Spawning Offsite Owner Facility, Spawning Offsite Location Latitude, Spawning Offsite Location Longitude, Spawning Offsite Location Description, Spawning Session Name, Is Import, Is Group Session, Import Custom, Spawning Session Lot #, Cross ID, Spawn ID, Sex, Origin, Origin Expression, Origin Description, Origin Start Date, Origin End Date, Origin Creator, Origin Creation Date, Spawning Ratio, Stock, Stock Agency, Stock Facility, Stock Description, Session Progeny, Brood Year, Spawning Session Comments, Species, Run, Egg Weight(g), Estimated Egg Count, Edit Spawn Cross Notes, Immediate Container, Times Used, Length, Age Calculated, Age Criteria Start Length, Age Criteria End Length, Age Criteria End Date, Age Criteria Start Date, Age Designation, Spawn Status, Living State, Why Not Spawned, Moved From, Moved From Is Offsite, Offsite Moved From Owner Facility, Offsite Moved From Latitude, Offsite Moved From Longitude, Offsite Moved From Location Description, Source Trap Facility, Source Trap, Moved To, Moved To Is Offsite, Offsite Moved To Owner Facility, Offsite Moved To Latitude, Offsite Moved To Longitude, Offsite Moved To Location Description, Moved To Facility, Release Site, Release Site Latitude, Release Site Longitude, Disposition, Purpose, Existing Marks, Existing Marks Quantity, Applied Marks, Applied Marks Quantity, Existing Tags, Applied Tags, Existing CWT, Existing CWT Value, Applied CWT, Applied CWT Value, Existing PIT, Applied PIT, GEN Sample, Samples, Conditions, Notes
[INFO] 2025-08-13 03:35:14 UTC (2025-08-12 20:35:14 PT) - Successfully saved file: data/SpawningData.csv - Size: 1050733 bytes
[INFO] 2025-08-13 03:35:14 UTC (2025-08-12 20:35:14 PT) - Data summary:
[INFO] 2025-08-13 03:35:14 UTC (2025-08-12 20:35:14 PT) -   Date range: 08/12/2020 to 08/23/2022
[INFO] 2025-08-13 03:35:14 UTC (2025-08-12 20:35:14 PT) -   Total records: 1397
[INFO] 2025-08-13 03:35:14 UTC (2025-08-12 20:35:14 PT) - Download completed successfully
[INFO] 2025-08-20 03:16:55 UTC (2025-08-19 20:16:55 PT) - Starting nightly FINS spawning data download
[INFO] 2025-08-20 03:16:55 UTC (2025-08-19 20:16:55 PT) - API key found
[INFO] 2025-08-20 03:16:55 UTC (2025-08-19 20:16:55 PT) - Current PT time: 2025-08-19 20:16:55
[INFO] 2025-08-20 03:16:55 UTC (2025-08-19 20:16:55 PT) - Requesting ALL historical spawning data through 08/20/2025 for all of our FINS facilities
[INFO] 2025-08-20 03:17:05 UTC (2025-08-19 20:17:05 PT) - Downloaded 1419 rows of data
[INFO] 2025-08-20 03:17:05 UTC (2025-08-19 20:17:05 PT) - Columns: Verify, Finalize, Follow-Up, Session Date, Moved From Facility, Spawning Location, Spawning Location Is Offsite, Spawning Offsite Owner Facility, Spawning Offsite Location Latitude, Spawning Offsite Location Longitude, Spawning Offsite Location Description, Spawning Session Name, Is Import, Is Group Session, Import Custom, Spawning Session Lot #, Cross ID, Spawn ID, Sex, Origin, Origin Expression, Origin Description, Origin Start Date, Origin End Date, Origin Creator, Origin Creation Date, Spawning Ratio, Stock, Stock Agency, Stock Facility, Stock Description, Session Progeny, Brood Year, Spawning Session Comments, Species, Run, Egg Weight(g), Estimated Egg Count, Edit Spawn Cross Notes, Immediate Container, Times Used, Length, Age Calculated, Age Criteria Start Length, Age Criteria End Length, Age Criteria End Date, Age Criteria Start Date, Age Designation, Spawn Status, Living State, Why Not Spawned, Moved From, Moved From Is Offsite, Offsite Moved From Owner Facility, Offsite Moved From Latitude, Offsite Moved From Longitude, Offsite Moved From Location Description, Source Trap Facility, Source Trap, Moved To, Moved To Is Offsite, Offsite Moved To Owner Facility, Offsite Moved To Latitude, Offsite Moved To Longitude, Offsite Moved To Location Description, Moved To Facility, Release Site, Release Site Latitude, Release Site Longitude, Disposition, Purpose, Existing Marks, Existing Marks Quantity, Applied Marks, Applied Marks Quantity, Existing Tags, Applied Tags, Existing CWT, Existing CWT Value, Applied CWT, Applied CWT Value, Existing PIT, Applied PIT, GEN Sample, Samples, Conditions, Notes
[INFO] 2025-08-20 03:17:05 UTC (2025-08-19 20:17:05 PT) - Successfully saved file: data/SpawningData.csv - Size: 1068353 bytes
[INFO] 2025-08-20 03:17:05 UTC (2025-08-19 20:17:05 PT) - Data summary:
[INFO] 2025-08-20 03:17:05 UTC (2025-08-19 20:17:05 PT) -   Date range: 08/12/2020 to 08/19/2025
[INFO] 2025-08-20 03:17:05 UTC (2025-08-19 20:17:05 PT) -   Total records: 1419
[INFO] 2025-08-20 03:17:05 UTC (2025-08-19 20:17:05 PT) - Download completed successfully
[INFO] 2025-08-31 03:15:53 UTC (2025-08-30 20:15:53 PT) - Starting nightly FINS spawning data download
[INFO] 2025-08-31 03:15:53 UTC (2025-08-30 20:15:53 PT) - API key found
[INFO] 2025-08-31 03:15:53 UTC (2025-08-30 20:15:53 PT) - Current PT time: 2025-08-30 20:15:53
[INFO] 2025-08-31 03:15:53 UTC (2025-08-30 20:15:53 PT) - Requesting ALL historical spawning data through 08/31/2025 for all of our FINS facilities
[INFO] 2025-08-31 03:16:05 UTC (2025-08-30 20:16:05 PT) - Downloaded 1697 rows of data
[INFO] 2025-08-31 03:16:05 UTC (2025-08-30 20:16:05 PT) - Columns: Verify, Finalize, Follow-Up, Session Date, Moved From Facility, Spawning Location, Spawning Location Is Offsite, Spawning Offsite Owner Facility, Spawning Offsite Location Latitude, Spawning Offsite Location Longitude, Spawning Offsite Location Description, Spawning Session Name, Is Import, Is Group Session, Import Custom, Spawning Session Lot #, Cross ID, Spawn ID, Sex, Origin, Origin Expression, Origin Description, Origin Start Date, Origin End Date, Origin Creator, Origin Creation Date, Spawning Ratio, Stock, Stock Agency, Stock Facility, Stock Description, Session Progeny, Brood Year, Spawning Session Comments, Species, Run, Egg Weight(g), Estimated Egg Count, Edit Spawn Cross Notes, Immediate Container, Times Used, Length, Age Calculated, Age Criteria Start Length, Age Criteria End Length, Age Criteria End Date, Age Criteria Start Date, Age Designation, Spawn Status, Living State, Why Not Spawned, Moved From, Moved From Is Offsite, Offsite Moved From Owner Facility, Offsite Moved From Latitude, Offsite Moved From Longitude, Offsite Moved From Location Description, Source Trap Facility, Source Trap, Moved To, Moved To Is Offsite, Offsite Moved To Owner Facility, Offsite Moved To Latitude, Offsite Moved To Longitude, Offsite Moved To Location Description, Moved To Facility, Release Site, Release Site Latitude, Release Site Longitude, Disposition, Purpose, Existing Marks, Existing Marks Quantity, Applied Marks, Applied Marks Quantity, Existing Tags, Applied Tags, Existing CWT, Existing CWT Value, Applied CWT, Applied CWT Value, Existing PIT, Applied PIT, GEN Sample, Samples, Conditions, Notes
[INFO] 2025-08-31 03:16:05 UTC (2025-08-30 20:16:05 PT) - Successfully saved file: data/SpawningData.csv - Size: 1286184 bytes
[INFO] 2025-08-31 03:16:05 UTC (2025-08-30 20:16:05 PT) - Data summary:
[INFO] 2025-08-31 03:16:05 UTC (2025-08-30 20:16:05 PT) -   Date range: 08/12/2020 to 08/27/2025
[INFO] 2025-08-31 03:16:05 UTC (2025-08-30 20:16:05 PT) -   Total records: 1697
[INFO] 2025-08-31 03:16:05 UTC (2025-08-30 20:16:05 PT) - Download completed successfully
[INFO] 2025-09-07 03:11:20 UTC (2025-09-06 20:11:20 PT) - Starting nightly FINS spawning data download
[INFO] 2025-09-07 03:11:20 UTC (2025-09-06 20:11:20 PT) - API key found
[INFO] 2025-09-07 03:11:20 UTC (2025-09-06 20:11:20 PT) - Current PT time: 2025-09-06 20:11:20
[INFO] 2025-09-07 03:11:20 UTC (2025-09-06 20:11:20 PT) - Requesting ALL historical spawning data through 09/07/2025 for all of our FINS facilities
[INFO] 2025-09-07 03:11:31 UTC (2025-09-06 20:11:31 PT) - Downloaded 2345 rows of data
[INFO] 2025-09-07 03:11:31 UTC (2025-09-06 20:11:31 PT) - Columns: Verify, Finalize, Follow-Up, Session Date, Moved From Facility, Spawning Location, Spawning Location Is Offsite, Spawning Offsite Owner Facility, Spawning Offsite Location Latitude, Spawning Offsite Location Longitude, Spawning Offsite Location Description, Spawning Session Name, Is Import, Is Group Session, Import Custom, Spawning Session Lot #, Cross ID, Spawn ID, Sex, Origin, Origin Expression, Origin Description, Origin Start Date, Origin End Date, Origin Creator, Origin Creation Date, Spawning Ratio, Stock, Stock Agency, Stock Facility, Stock Description, Session Progeny, Brood Year, Spawning Session Comments, Species, Run, Egg Weight(g), Estimated Egg Count, Edit Spawn Cross Notes, Immediate Container, Times Used, Length, Age Calculated, Age Criteria Start Length, Age Criteria End Length, Age Criteria End Date, Age Criteria Start Date, Age Designation, Spawn Status, Living State, Why Not Spawned, Moved From, Moved From Is Offsite, Offsite Moved From Owner Facility, Offsite Moved From Latitude, Offsite Moved From Longitude, Offsite Moved From Location Description, Source Trap Facility, Source Trap, Moved To, Moved To Is Offsite, Offsite Moved To Owner Facility, Offsite Moved To Latitude, Offsite Moved To Longitude, Offsite Moved To Location Description, Moved To Facility, Release Site, Release Site Latitude, Release Site Longitude, Disposition, Purpose, Existing Marks, Existing Marks Quantity, Applied Marks, Applied Marks Quantity, Existing Tags, Applied Tags, Existing CWT, Existing CWT Value, Applied CWT, Applied CWT Value, Existing PIT, Applied PIT, GEN Sample, Samples, Conditions, Notes
[INFO] 2025-09-07 03:11:31 UTC (2025-09-06 20:11:31 PT) - Successfully saved file: data/SpawningData.csv - Size: 1767239 bytes
[INFO] 2025-09-07 03:11:31 UTC (2025-09-06 20:11:31 PT) - Data summary:
[INFO] 2025-09-07 03:11:31 UTC (2025-09-06 20:11:31 PT) -   Date range: 08/12/2020 to 09/03/2025
[INFO] 2025-09-07 03:11:31 UTC (2025-09-06 20:11:31 PT) -   Total records: 2345
[INFO] 2025-09-07 03:11:31 UTC (2025-09-06 20:11:31 PT) - Download completed successfully
[INFO] 2025-09-09 03:09:59 UTC (2025-09-08 20:09:59 PT) - Starting nightly FINS spawning data download
[INFO] 2025-09-09 03:09:59 UTC (2025-09-08 20:09:59 PT) - API key found
[INFO] 2025-09-09 03:09:59 UTC (2025-09-08 20:09:59 PT) - Current PT time: 2025-09-08 20:09:59
[INFO] 2025-09-09 03:09:59 UTC (2025-09-08 20:09:59 PT) - Requesting ALL historical spawning data through 09/09/2025 for all of our FINS facilities
[INFO] 2025-09-09 03:10:09 UTC (2025-09-08 20:10:09 PT) - Downloaded 2345 rows of data
[INFO] 2025-09-09 03:10:09 UTC (2025-09-08 20:10:09 PT) - Columns: Verify, Finalize, Follow-Up, Session Date, Moved From Facility, Spawning Location, Spawning Location Is Offsite, Spawning Offsite Owner Facility, Spawning Offsite Location Latitude, Spawning Offsite Location Longitude, Spawning Offsite Location Description, Spawning Session Name, Is Import, Is Group Session, Import Custom, Spawning Session Lot #, Cross ID, Spawn ID, Sex, Origin, Origin Expression, Origin Description, Origin Start Date, Origin End Date, Origin Creator, Origin Creation Date, Spawning Ratio, Stock, Stock Agency, Stock Facility, Stock Description, Session Progeny, Brood Year, Spawning Session Comments, Species, Run, Egg Weight(g), Estimated Egg Count, Edit Spawn Cross Notes, Immediate Container, Times Used, Length, Age Calculated, Age Criteria Start Length, Age Criteria End Length, Age Criteria End Date, Age Criteria Start Date, Age Designation, Spawn Status, Living State, Why Not Spawned, Moved From, Moved From Is Offsite, Offsite Moved From Owner Facility, Offsite Moved From Latitude, Offsite Moved From Longitude, Offsite Moved From Location Description, Source Trap Facility, Source Trap, Moved To, Moved To Is Offsite, Offsite Moved To Owner Facility, Offsite Moved To Latitude, Offsite Moved To Longitude, Offsite Moved To Location Description, Moved To Facility, Release Site, Release Site Latitude, Release Site Longitude, Disposition, Purpose, Existing Marks, Existing Marks Quantity, Applied Marks, Applied Marks Quantity, Existing Tags, Applied Tags, Existing CWT, Existing CWT Value, Applied CWT, Applied CWT Value, Existing PIT, Applied PIT, GEN Sample, Samples, Conditions, Notes
[INFO] 2025-09-09 03:10:09 UTC (2025-09-08 20:10:09 PT) - Successfully saved file: data/SpawningData.csv - Size: 1769045 bytes
[INFO] 2025-09-09 03:10:09 UTC (2025-09-08 20:10:09 PT) - Data summary:
[INFO] 2025-09-09 03:10:09 UTC (2025-09-08 20:10:09 PT) -   Date range: 08/12/2020 to 09/03/2025
[INFO] 2025-09-09 03:10:09 UTC (2025-09-08 20:10:09 PT) -   Total records: 2345
[INFO] 2025-09-09 03:10:09 UTC (2025-09-08 20:10:09 PT) - Download completed successfully
[INFO] 2025-09-10 03:04:53 UTC (2025-09-09 20:04:53 PT) - Starting nightly FINS spawning data download
[INFO] 2025-09-10 03:04:53 UTC (2025-09-09 20:04:53 PT) - API key found
[INFO] 2025-09-10 03:04:53 UTC (2025-09-09 20:04:53 PT) - Current PT time: 2025-09-09 20:04:53
[INFO] 2025-09-10 03:04:53 UTC (2025-09-09 20:04:53 PT) - Requesting ALL historical spawning data through 09/10/2025 for all of our FINS facilities
[INFO] 2025-09-10 03:05:09 UTC (2025-09-09 20:05:09 PT) - Downloaded 2617 rows of data
[INFO] 2025-09-10 03:05:09 UTC (2025-09-09 20:05:09 PT) - Columns: Verify, Finalize, Follow-Up, Session Date, Moved From Facility, Spawning Location, Spawning Location Is Offsite, Spawning Offsite Owner Facility, Spawning Offsite Location Latitude, Spawning Offsite Location Longitude, Spawning Offsite Location Description, Spawning Session Name, Is Import, Is Group Session, Import Custom, Spawning Session Lot #, Cross ID, Spawn ID, Sex, Origin, Origin Expression, Origin Description, Origin Start Date, Origin End Date, Origin Creator, Origin Creation Date, Spawning Ratio, Stock, Stock Agency, Stock Facility, Stock Description, Session Progeny, Brood Year, Spawning Session Comments, Species, Run, Egg Weight(g), Estimated Egg Count, Edit Spawn Cross Notes, Immediate Container, Times Used, Length, Age Calculated, Age Criteria Start Length, Age Criteria End Length, Age Criteria End Date, Age Criteria Start Date, Age Designation, Spawn Status, Living State, Why Not Spawned, Moved From, Moved From Is Offsite, Offsite Moved From Owner Facility, Offsite Moved From Latitude, Offsite Moved From Longitude, Offsite Moved From Location Description, Source Trap Facility, Source Trap, Moved To, Moved To Is Offsite, Offsite Moved To Owner Facility, Offsite Moved To Latitude, Offsite Moved To Longitude, Offsite Moved To Location Description, Moved To Facility, Release Site, Release Site Latitude, Release Site Longitude, Disposition, Purpose, Existing Marks, Existing Marks Quantity, Applied Marks, Applied Marks Quantity, Existing Tags, Applied Tags, Existing CWT, Existing CWT Value, Applied CWT, Applied CWT Value, Existing PIT, Applied PIT, GEN Sample, Samples, Conditions, Notes
[INFO] 2025-09-10 03:05:09 UTC (2025-09-09 20:05:09 PT) - Successfully saved file: data/SpawningData.csv - Size: 1977865 bytes
[INFO] 2025-09-10 03:05:09 UTC (2025-09-09 20:05:09 PT) - Data summary:
[INFO] 2025-09-10 03:05:09 UTC (2025-09-09 20:05:09 PT) -   Date range: 08/12/2020 to 09/09/2025
[INFO] 2025-09-10 03:05:09 UTC (2025-09-09 20:05:09 PT) -   Total records: 2617
[INFO] 2025-09-10 03:05:09 UTC (2025-09-09 20:05:09 PT) - Download completed successfully
[INFO] 2025-09-11 03:07:59 UTC (2025-09-10 20:07:59 PT) - Starting nightly FINS spawning data download
[INFO] 2025-09-11 03:07:59 UTC (2025-09-10 20:07:59 PT) - API key found
[INFO] 2025-09-11 03:07:59 UTC (2025-09-10 20:07:59 PT) - Current PT time: 2025-09-10 20:07:59
[INFO] 2025-09-11 03:07:59 UTC (2025-09-10 20:07:59 PT) - Requesting ALL historical spawning data through 09/11/2025 for all of our FINS facilities
[INFO] 2025-09-11 03:08:11 UTC (2025-09-10 20:08:11 PT) - Downloaded 2683 rows of data
[INFO] 2025-09-11 03:08:11 UTC (2025-09-10 20:08:11 PT) - Columns: Verify, Finalize, Follow-Up, Session Date, Moved From Facility, Spawning Location, Spawning Location Is Offsite, Spawning Offsite Owner Facility, Spawning Offsite Location Latitude, Spawning Offsite Location Longitude, Spawning Offsite Location Description, Spawning Session Name, Is Import, Is Group Session, Import Custom, Spawning Session Lot #, Cross ID, Spawn ID, Sex, Origin, Origin Expression, Origin Description, Origin Start Date, Origin End Date, Origin Creator, Origin Creation Date, Spawning Ratio, Stock, Stock Agency, Stock Facility, Stock Description, Session Progeny, Brood Year, Spawning Session Comments, Species, Run, Egg Weight(g), Estimated Egg Count, Edit Spawn Cross Notes, Immediate Container, Times Used, Length, Age Calculated, Age Criteria Start Length, Age Criteria End Length, Age Criteria End Date, Age Criteria Start Date, Age Designation, Spawn Status, Living State, Why Not Spawned, Moved From, Moved From Is Offsite, Offsite Moved From Owner Facility, Offsite Moved From Latitude, Offsite Moved From Longitude, Offsite Moved From Location Description, Source Trap Facility, Source Trap, Moved To, Moved To Is Offsite, Offsite Moved To Owner Facility, Offsite Moved To Latitude, Offsite Moved To Longitude, Offsite Moved To Location Description, Moved To Facility, Release Site, Release Site Latitude, Release Site Longitude, Disposition, Purpose, Existing Marks, Existing Marks Quantity, Applied Marks, Applied Marks Quantity, Existing Tags, Applied Tags, Existing CWT, Existing CWT Value, Applied CWT, Applied CWT Value, Existing PIT, Applied PIT, GEN Sample, Samples, Conditions, Notes
[INFO] 2025-09-11 03:08:11 UTC (2025-09-10 20:08:11 PT) - Successfully saved file: data/SpawningData.csv - Size: 2031767 bytes
[INFO] 2025-09-11 03:08:11 UTC (2025-09-10 20:08:11 PT) - Data summary:
[INFO] 2025-09-11 03:08:11 UTC (2025-09-10 20:08:11 PT) -   Date range: 08/12/2020 to 09/10/2025
[INFO] 2025-09-11 03:08:11 UTC (2025-09-10 20:08:11 PT) -   Total records: 2683
[INFO] 2025-09-11 03:08:11 UTC (2025-09-10 20:08:11 PT) - Download completed successfully
[INFO] 2025-09-12 03:02:54 UTC (2025-09-11 20:02:54 PT) - Starting nightly FINS spawning data download
[INFO] 2025-09-12 03:02:54 UTC (2025-09-11 20:02:54 PT) - API key found
[INFO] 2025-09-12 03:02:54 UTC (2025-09-11 20:02:54 PT) - Current PT time: 2025-09-11 20:02:54
[INFO] 2025-09-12 03:02:54 UTC (2025-09-11 20:02:54 PT) - Requesting ALL historical spawning data through 09/12/2025 for all of our FINS facilities
[INFO] 2025-09-12 03:03:07 UTC (2025-09-11 20:03:07 PT) - Downloaded 2683 rows of data
[INFO] 2025-09-12 03:03:07 UTC (2025-09-11 20:03:07 PT) - Columns: Verify, Finalize, Follow-Up, Session Date, Moved From Facility, Spawning Location, Spawning Location Is Offsite, Spawning Offsite Owner Facility, Spawning Offsite Location Latitude, Spawning Offsite Location Longitude, Spawning Offsite Location Description, Spawning Session Name, Is Import, Is Group Session, Import Custom, Spawning Session Lot #, Cross ID, Spawn ID, Sex, Origin, Origin Expression, Origin Description, Origin Start Date, Origin End Date, Origin Creator, Origin Creation Date, Spawning Ratio, Stock, Stock Agency, Stock Facility, Stock Description, Session Progeny, Brood Year, Spawning Session Comments, Species, Run, Egg Weight(g), Estimated Egg Count, Edit Spawn Cross Notes, Immediate Container, Times Used, Length, Age Calculated, Age Criteria Start Length, Age Criteria End Length, Age Criteria End Date, Age Criteria Start Date, Age Designation, Spawn Status, Living State, Why Not Spawned, Moved From, Moved From Is Offsite, Offsite Moved From Owner Facility, Offsite Moved From Latitude, Offsite Moved From Longitude, Offsite Moved From Location Description, Source Trap Facility, Source Trap, Moved To, Moved To Is Offsite, Offsite Moved To Owner Facility, Offsite Moved To Latitude, Offsite Moved To Longitude, Offsite Moved To Location Description, Moved To Facility, Release Site, Release Site Latitude, Release Site Longitude, Disposition, Purpose, Existing Marks, Existing Marks Quantity, Applied Marks, Applied Marks Quantity, Existing Tags, Applied Tags, Existing CWT, Existing CWT Value, Applied CWT, Applied CWT Value, Existing PIT, Applied PIT, GEN Sample, Samples, Conditions, Notes
[INFO] 2025-09-12 03:03:07 UTC (2025-09-11 20:03:07 PT) - Successfully saved file: data/SpawningData.csv - Size: 2031767 bytes
[INFO] 2025-09-12 03:03:07 UTC (2025-09-11 20:03:07 PT) - Data summary:
[INFO] 2025-09-12 03:03:07 UTC (2025-09-11 20:03:07 PT) -   Date range: 08/12/2020 to 09/10/2025
[INFO] 2025-09-12 03:03:07 UTC (2025-09-11 20:03:07 PT) -   Total records: 2683
[INFO] 2025-09-12 03:03:07 UTC (2025-09-11 20:03:07 PT) - Download completed successfully
[INFO] 2025-09-13 02:56:20 UTC (2025-09-12 19:56:20 PT) - Starting nightly FINS spawning data download
[INFO] 2025-09-13 02:56:20 UTC (2025-09-12 19:56:20 PT) - API key found
[INFO] 2025-09-13 02:56:20 UTC (2025-09-12 19:56:20 PT) - Current PT time: 2025-09-12 19:56:20
[INFO] 2025-09-13 02:56:20 UTC (2025-09-12 19:56:20 PT) - Requesting ALL historical spawning data through 09/13/2025 for all of our FINS facilities
[INFO] 2025-09-13 02:56:34 UTC (2025-09-12 19:56:34 PT) - Downloaded 2683 rows of data
[INFO] 2025-09-13 02:56:34 UTC (2025-09-12 19:56:34 PT) - Columns: Verify, Finalize, Follow-Up, Session Date, Moved From Facility, Spawning Location, Spawning Location Is Offsite, Spawning Offsite Owner Facility, Spawning Offsite Location Latitude, Spawning Offsite Location Longitude, Spawning Offsite Location Description, Spawning Session Name, Is Import, Is Group Session, Import Custom, Spawning Session Lot #, Cross ID, Spawn ID, Sex, Origin, Origin Expression, Origin Description, Origin Start Date, Origin End Date, Origin Creator, Origin Creation Date, Spawning Ratio, Stock, Stock Agency, Stock Facility, Stock Description, Session Progeny, Brood Year, Spawning Session Comments, Species, Run, Egg Weight(g), Estimated Egg Count, Edit Spawn Cross Notes, Immediate Container, Times Used, Length, Age Calculated, Age Criteria Start Length, Age Criteria End Length, Age Criteria End Date, Age Criteria Start Date, Age Designation, Spawn Status, Living State, Why Not Spawned, Moved From, Moved From Is Offsite, Offsite Moved From Owner Facility, Offsite Moved From Latitude, Offsite Moved From Longitude, Offsite Moved From Location Description, Source Trap Facility, Source Trap, Moved To, Moved To Is Offsite, Offsite Moved To Owner Facility, Offsite Moved To Latitude, Offsite Moved To Longitude, Offsite Moved To Location Description, Moved To Facility, Release Site, Release Site Latitude, Release Site Longitude, Disposition, Purpose, Existing Marks, Existing Marks Quantity, Applied Marks, Applied Marks Quantity, Existing Tags, Applied Tags, Existing CWT, Existing CWT Value, Applied CWT, Applied CWT Value, Existing PIT, Applied PIT, GEN Sample, Samples, Conditions, Notes
[INFO] 2025-09-13 02:56:34 UTC (2025-09-12 19:56:34 PT) - Successfully saved file: data/SpawningData.csv - Size: 2031767 bytes
[INFO] 2025-09-13 02:56:34 UTC (2025-09-12 19:56:34 PT) - Data summary:
[INFO] 2025-09-13 02:56:34 UTC (2025-09-12 19:56:34 PT) -   Date range: 08/12/2020 to 09/10/2025
[INFO] 2025-09-13 02:56:34 UTC (2025-09-12 19:56:34 PT) -   Total records: 2683
[INFO] 2025-09-13 02:56:34 UTC (2025-09-12 19:56:34 PT) - Download completed successfully
[INFO] 2025-09-14 03:10:27 UTC (2025-09-13 20:10:27 PT) - Starting nightly FINS spawning data download
[INFO] 2025-09-14 03:10:27 UTC (2025-09-13 20:10:27 PT) - API key found
[INFO] 2025-09-14 03:10:27 UTC (2025-09-13 20:10:27 PT) - Current PT time: 2025-09-13 20:10:27
[INFO] 2025-09-14 03:10:27 UTC (2025-09-13 20:10:27 PT) - Requesting ALL historical spawning data through 09/14/2025 for all of our FINS facilities
[INFO] 2025-09-14 03:10:40 UTC (2025-09-13 20:10:40 PT) - Downloaded 2683 rows of data
[INFO] 2025-09-14 03:10:40 UTC (2025-09-13 20:10:40 PT) - Columns: Verify, Finalize, Follow-Up, Session Date, Moved From Facility, Spawning Location, Spawning Location Is Offsite, Spawning Offsite Owner Facility, Spawning Offsite Location Latitude, Spawning Offsite Location Longitude, Spawning Offsite Location Description, Spawning Session Name, Is Import, Is Group Session, Import Custom, Spawning Session Lot #, Cross ID, Spawn ID, Sex, Origin, Origin Expression, Origin Description, Origin Start Date, Origin End Date, Origin Creator, Origin Creation Date, Spawning Ratio, Stock, Stock Agency, Stock Facility, Stock Description, Session Progeny, Brood Year, Spawning Session Comments, Species, Run, Egg Weight(g), Estimated Egg Count, Edit Spawn Cross Notes, Immediate Container, Times Used, Length, Age Calculated, Age Criteria Start Length, Age Criteria End Length, Age Criteria End Date, Age Criteria Start Date, Age Designation, Spawn Status, Living State, Why Not Spawned, Moved From, Moved From Is Offsite, Offsite Moved From Owner Facility, Offsite Moved From Latitude, Offsite Moved From Longitude, Offsite Moved From Location Description, Source Trap Facility, Source Trap, Moved To, Moved To Is Offsite, Offsite Moved To Owner Facility, Offsite Moved To Latitude, Offsite Moved To Longitude, Offsite Moved To Location Description, Moved To Facility, Release Site, Release Site Latitude, Release Site Longitude, Disposition, Purpose, Existing Marks, Existing Marks Quantity, Applied Marks, Applied Marks Quantity, Existing Tags, Applied Tags, Existing CWT, Existing CWT Value, Applied CWT, Applied CWT Value, Existing PIT, Applied PIT, GEN Sample, Samples, Conditions, Notes
[INFO] 2025-09-14 03:10:40 UTC (2025-09-13 20:10:40 PT) - Successfully saved file: data/SpawningData.csv - Size: 2031767 bytes
[INFO] 2025-09-14 03:10:40 UTC (2025-09-13 20:10:40 PT) - Data summary:
[INFO] 2025-09-14 03:10:40 UTC (2025-09-13 20:10:40 PT) -   Date range: 08/12/2020 to 09/10/2025
[INFO] 2025-09-14 03:10:40 UTC (2025-09-13 20:10:40 PT) -   Total records: 2683
[INFO] 2025-09-14 03:10:40 UTC (2025-09-13 20:10:40 PT) - Download completed successfully
[INFO] 2025-09-15 03:16:55 UTC (2025-09-14 20:16:55 PT) - Starting nightly FINS spawning data download
[INFO] 2025-09-15 03:16:55 UTC (2025-09-14 20:16:55 PT) - API key found
[INFO] 2025-09-15 03:16:55 UTC (2025-09-14 20:16:55 PT) - Current PT time: 2025-09-14 20:16:55
[INFO] 2025-09-15 03:16:55 UTC (2025-09-14 20:16:55 PT) - Requesting ALL historical spawning data through 09/15/2025 for all of our FINS facilities
[INFO] 2025-09-15 03:17:12 UTC (2025-09-14 20:17:12 PT) - Downloaded 2683 rows of data
[INFO] 2025-09-15 03:17:12 UTC (2025-09-14 20:17:12 PT) - Columns: Verify, Finalize, Follow-Up, Session Date, Moved From Facility, Spawning Location, Spawning Location Is Offsite, Spawning Offsite Owner Facility, Spawning Offsite Location Latitude, Spawning Offsite Location Longitude, Spawning Offsite Location Description, Spawning Session Name, Is Import, Is Group Session, Import Custom, Spawning Session Lot #, Cross ID, Spawn ID, Sex, Origin, Origin Expression, Origin Description, Origin Start Date, Origin End Date, Origin Creator, Origin Creation Date, Spawning Ratio, Stock, Stock Agency, Stock Facility, Stock Description, Session Progeny, Brood Year, Spawning Session Comments, Species, Run, Egg Weight(g), Estimated Egg Count, Edit Spawn Cross Notes, Immediate Container, Times Used, Length, Age Calculated, Age Criteria Start Length, Age Criteria End Length, Age Criteria End Date, Age Criteria Start Date, Age Designation, Spawn Status, Living State, Why Not Spawned, Moved From, Moved From Is Offsite, Offsite Moved From Owner Facility, Offsite Moved From Latitude, Offsite Moved From Longitude, Offsite Moved From Location Description, Source Trap Facility, Source Trap, Moved To, Moved To Is Offsite, Offsite Moved To Owner Facility, Offsite Moved To Latitude, Offsite Moved To Longitude, Offsite Moved To Location Description, Moved To Facility, Release Site, Release Site Latitude, Release Site Longitude, Disposition, Purpose, Existing Marks, Existing Marks Quantity, Applied Marks, Applied Marks Quantity, Existing Tags, Applied Tags, Existing CWT, Existing CWT Value, Applied CWT, Applied CWT Value, Existing PIT, Applied PIT, GEN Sample, Samples, Conditions, Notes
[INFO] 2025-09-15 03:17:12 UTC (2025-09-14 20:17:12 PT) - Successfully saved file: data/SpawningData.csv - Size: 2031767 bytes
[INFO] 2025-09-15 03:17:12 UTC (2025-09-14 20:17:12 PT) - Data summary:
[INFO] 2025-09-15 03:17:12 UTC (2025-09-14 20:17:12 PT) -   Date range: 08/12/2020 to 09/10/2025
[INFO] 2025-09-15 03:17:12 UTC (2025-09-14 20:17:12 PT) -   Total records: 2683
[INFO] 2025-09-15 03:17:12 UTC (2025-09-14 20:17:12 PT) - Download completed successfully
[INFO] 2025-09-16 03:05:57 UTC (2025-09-15 20:05:57 PT) - Starting nightly FINS spawning data download
[INFO] 2025-09-16 03:05:57 UTC (2025-09-15 20:05:57 PT) - API key found
[INFO] 2025-09-16 03:05:57 UTC (2025-09-15 20:05:57 PT) - Current PT time: 2025-09-15 20:05:57
[INFO] 2025-09-16 03:05:57 UTC (2025-09-15 20:05:57 PT) - Requesting ALL historical spawning data through 09/16/2025 for all of our FINS facilities
[INFO] 2025-09-16 03:06:10 UTC (2025-09-15 20:06:10 PT) - Downloaded 2683 rows of data
[INFO] 2025-09-16 03:06:10 UTC (2025-09-15 20:06:10 PT) - Columns: Verify, Finalize, Follow-Up, Session Date, Moved From Facility, Spawning Location, Spawning Location Is Offsite, Spawning Offsite Owner Facility, Spawning Offsite Location Latitude, Spawning Offsite Location Longitude, Spawning Offsite Location Description, Spawning Session Name, Is Import, Is Group Session, Import Custom, Spawning Session Lot #, Cross ID, Spawn ID, Sex, Origin, Origin Expression, Origin Description, Origin Start Date, Origin End Date, Origin Creator, Origin Creation Date, Spawning Ratio, Stock, Stock Agency, Stock Facility, Stock Description, Session Progeny, Brood Year, Spawning Session Comments, Species, Run, Egg Weight(g), Estimated Egg Count, Edit Spawn Cross Notes, Immediate Container, Times Used, Length, Age Calculated, Age Criteria Start Length, Age Criteria End Length, Age Criteria End Date, Age Criteria Start Date, Age Designation, Spawn Status, Living State, Why Not Spawned, Moved From, Moved From Is Offsite, Offsite Moved From Owner Facility, Offsite Moved From Latitude, Offsite Moved From Longitude, Offsite Moved From Location Description, Source Trap Facility, Source Trap, Moved To, Moved To Is Offsite, Offsite Moved To Owner Facility, Offsite Moved To Latitude, Offsite Moved To Longitude, Offsite Moved To Location Description, Moved To Facility, Release Site, Release Site Latitude, Release Site Longitude, Disposition, Purpose, Existing Marks, Existing Marks Quantity, Applied Marks, Applied Marks Quantity, Existing Tags, Applied Tags, Existing CWT, Existing CWT Value, Applied CWT, Applied CWT Value, Existing PIT, Applied PIT, GEN Sample, Samples, Conditions, Notes
[INFO] 2025-09-16 03:06:10 UTC (2025-09-15 20:06:10 PT) - Successfully saved file: data/SpawningData.csv - Size: 2031767 bytes
[INFO] 2025-09-16 03:06:10 UTC (2025-09-15 20:06:10 PT) - Data summary:
[INFO] 2025-09-16 03:06:10 UTC (2025-09-15 20:06:10 PT) -   Date range: 08/12/2020 to 09/10/2025
[INFO] 2025-09-16 03:06:10 UTC (2025-09-15 20:06:10 PT) -   Total records: 2683
[INFO] 2025-09-16 03:06:10 UTC (2025-09-15 20:06:10 PT) - Download completed successfully
[INFO] 2025-09-17 03:03:16 UTC (2025-09-16 20:03:16 PT) - Starting nightly FINS spawning data download
[INFO] 2025-09-17 03:03:16 UTC (2025-09-16 20:03:16 PT) - API key found
[INFO] 2025-09-17 03:03:16 UTC (2025-09-16 20:03:16 PT) - Current PT time: 2025-09-16 20:03:16
[INFO] 2025-09-17 03:03:16 UTC (2025-09-16 20:03:16 PT) - Requesting ALL historical spawning data through 09/17/2025 for all of our FINS facilities
[INFO] 2025-09-17 03:03:30 UTC (2025-09-16 20:03:30 PT) - Downloaded 2768 rows of data
[INFO] 2025-09-17 03:03:30 UTC (2025-09-16 20:03:30 PT) - Columns: Verify, Finalize, Follow-Up, Session Date, Moved From Facility, Spawning Location, Spawning Location Is Offsite, Spawning Offsite Owner Facility, Spawning Offsite Location Latitude, Spawning Offsite Location Longitude, Spawning Offsite Location Description, Spawning Session Name, Is Import, Is Group Session, Import Custom, Spawning Session Lot #, Cross ID, Spawn ID, Sex, Origin, Origin Expression, Origin Description, Origin Start Date, Origin End Date, Origin Creator, Origin Creation Date, Spawning Ratio, Stock, Stock Agency, Stock Facility, Stock Description, Session Progeny, Brood Year, Spawning Session Comments, Species, Run, Egg Weight(g), Estimated Egg Count, Edit Spawn Cross Notes, Immediate Container, Times Used, Length, Age Calculated, Age Criteria Start Length, Age Criteria End Length, Age Criteria End Date, Age Criteria Start Date, Age Designation, Spawn Status, Living State, Why Not Spawned, Moved From, Moved From Is Offsite, Offsite Moved From Owner Facility, Offsite Moved From Latitude, Offsite Moved From Longitude, Offsite Moved From Location Description, Source Trap Facility, Source Trap, Moved To, Moved To Is Offsite, Offsite Moved To Owner Facility, Offsite Moved To Latitude, Offsite Moved To Longitude, Offsite Moved To Location Description, Moved To Facility, Release Site, Release Site Latitude, Release Site Longitude, Disposition, Purpose, Existing Marks, Existing Marks Quantity, Applied Marks, Applied Marks Quantity, Existing Tags, Applied Tags, Existing CWT, Existing CWT Value, Applied CWT, Applied CWT Value, Existing PIT, Applied PIT, GEN Sample, Samples, Conditions, Notes
[INFO] 2025-09-17 03:03:30 UTC (2025-09-16 20:03:30 PT) - Successfully saved file: data/SpawningData.csv - Size: 2097415 bytes
[INFO] 2025-09-17 03:03:30 UTC (2025-09-16 20:03:30 PT) - Data summary:
[INFO] 2025-09-17 03:03:30 UTC (2025-09-16 20:03:30 PT) -   Date range: 08/12/2020 to 09/16/2025
[INFO] 2025-09-17 03:03:30 UTC (2025-09-16 20:03:30 PT) -   Total records: 2768
[INFO] 2025-09-17 03:03:30 UTC (2025-09-16 20:03:30 PT) - Download completed successfully
[INFO] 2025-09-18 03:06:19 UTC (2025-09-17 20:06:19 PT) - Starting nightly FINS spawning data download
[INFO] 2025-09-18 03:06:19 UTC (2025-09-17 20:06:19 PT) - API key found
[INFO] 2025-09-18 03:06:19 UTC (2025-09-17 20:06:19 PT) - Current PT time: 2025-09-17 20:06:19
[INFO] 2025-09-18 03:06:19 UTC (2025-09-17 20:06:19 PT) - Requesting ALL historical spawning data through 09/18/2025 for all of our FINS facilities
[INFO] 2025-09-18 03:06:32 UTC (2025-09-17 20:06:32 PT) - Downloaded 2768 rows of data
[INFO] 2025-09-18 03:06:32 UTC (2025-09-17 20:06:32 PT) - Columns: Verify, Finalize, Follow-Up, Session Date, Moved From Facility, Spawning Location, Spawning Location Is Offsite, Spawning Offsite Owner Facility, Spawning Offsite Location Latitude, Spawning Offsite Location Longitude, Spawning Offsite Location Description, Spawning Session Name, Is Import, Is Group Session, Import Custom, Spawning Session Lot #, Cross ID, Spawn ID, Sex, Origin, Origin Expression, Origin Description, Origin Start Date, Origin End Date, Origin Creator, Origin Creation Date, Spawning Ratio, Stock, Stock Agency, Stock Facility, Stock Description, Session Progeny, Brood Year, Spawning Session Comments, Species, Run, Egg Weight(g), Estimated Egg Count, Edit Spawn Cross Notes, Immediate Container, Times Used, Length, Age Calculated, Age Criteria Start Length, Age Criteria End Length, Age Criteria End Date, Age Criteria Start Date, Age Designation, Spawn Status, Living State, Why Not Spawned, Moved From, Moved From Is Offsite, Offsite Moved From Owner Facility, Offsite Moved From Latitude, Offsite Moved From Longitude, Offsite Moved From Location Description, Source Trap Facility, Source Trap, Moved To, Moved To Is Offsite, Offsite Moved To Owner Facility, Offsite Moved To Latitude, Offsite Moved To Longitude, Offsite Moved To Location Description, Moved To Facility, Release Site, Release Site Latitude, Release Site Longitude, Disposition, Purpose, Existing Marks, Existing Marks Quantity, Applied Marks, Applied Marks Quantity, Existing Tags, Applied Tags, Existing CWT, Existing CWT Value, Applied CWT, Applied CWT Value, Existing PIT, Applied PIT, GEN Sample, Samples, Conditions, Notes
[INFO] 2025-09-18 03:06:32 UTC (2025-09-17 20:06:32 PT) - Successfully saved file: data/SpawningData.csv - Size: 2097415 bytes
[INFO] 2025-09-18 03:06:32 UTC (2025-09-17 20:06:32 PT) - Data summary:
[INFO] 2025-09-18 03:06:32 UTC (2025-09-17 20:06:32 PT) -   Date range: 08/12/2020 to 09/16/2025
[INFO] 2025-09-18 03:06:32 UTC (2025-09-17 20:06:32 PT) -   Total records: 2768
[INFO] 2025-09-18 03:06:32 UTC (2025-09-17 20:06:32 PT) - Download completed successfully
[INFO] 2025-09-19 03:10:27 UTC (2025-09-18 20:10:27 PT) - Starting nightly FINS spawning data download
[INFO] 2025-09-19 03:10:27 UTC (2025-09-18 20:10:27 PT) - API key found
[INFO] 2025-09-19 03:10:27 UTC (2025-09-18 20:10:27 PT) - Current PT time: 2025-09-18 20:10:27
[INFO] 2025-09-19 03:10:27 UTC (2025-09-18 20:10:27 PT) - Requesting ALL historical spawning data through 09/19/2025 for all of our FINS facilities
[INFO] 2025-09-19 03:10:41 UTC (2025-09-18 20:10:41 PT) - Downloaded 2768 rows of data
[INFO] 2025-09-19 03:10:41 UTC (2025-09-18 20:10:41 PT) - Columns: Verify, Finalize, Follow-Up, Session Date, Moved From Facility, Spawning Location, Spawning Location Is Offsite, Spawning Offsite Owner Facility, Spawning Offsite Location Latitude, Spawning Offsite Location Longitude, Spawning Offsite Location Description, Spawning Session Name, Is Import, Is Group Session, Import Custom, Spawning Session Lot #, Cross ID, Spawn ID, Sex, Origin, Origin Expression, Origin Description, Origin Start Date, Origin End Date, Origin Creator, Origin Creation Date, Spawning Ratio, Stock, Stock Agency, Stock Facility, Stock Description, Session Progeny, Brood Year, Spawning Session Comments, Species, Run, Egg Weight(g), Estimated Egg Count, Edit Spawn Cross Notes, Immediate Container, Times Used, Length, Age Calculated, Age Criteria Start Length, Age Criteria End Length, Age Criteria End Date, Age Criteria Start Date, Age Designation, Spawn Status, Living State, Why Not Spawned, Moved From, Moved From Is Offsite, Offsite Moved From Owner Facility, Offsite Moved From Latitude, Offsite Moved From Longitude, Offsite Moved From Location Description, Source Trap Facility, Source Trap, Moved To, Moved To Is Offsite, Offsite Moved To Owner Facility, Offsite Moved To Latitude, Offsite Moved To Longitude, Offsite Moved To Location Description, Moved To Facility, Release Site, Release Site Latitude, Release Site Longitude, Disposition, Purpose, Existing Marks, Existing Marks Quantity, Applied Marks, Applied Marks Quantity, Existing Tags, Applied Tags, Existing CWT, Existing CWT Value, Applied CWT, Applied CWT Value, Existing PIT, Applied PIT, GEN Sample, Samples, Conditions, Notes
[INFO] 2025-09-19 03:10:41 UTC (2025-09-18 20:10:41 PT) - Successfully saved file: data/SpawningData.csv - Size: 2097415 bytes
[INFO] 2025-09-19 03:10:41 UTC (2025-09-18 20:10:41 PT) - Data summary:
[INFO] 2025-09-19 03:10:41 UTC (2025-09-18 20:10:41 PT) -   Date range: 08/12/2020 to 09/16/2025
[INFO] 2025-09-19 03:10:41 UTC (2025-09-18 20:10:41 PT) -   Total records: 2768
[INFO] 2025-09-19 03:10:41 UTC (2025-09-18 20:10:41 PT) - Download completed successfully
[INFO] 2025-09-20 03:04:32 UTC (2025-09-19 20:04:32 PT) - Starting nightly FINS spawning data download
[INFO] 2025-09-20 03:04:32 UTC (2025-09-19 20:04:32 PT) - API key found
[INFO] 2025-09-20 03:04:32 UTC (2025-09-19 20:04:32 PT) - Current PT time: 2025-09-19 20:04:32
[INFO] 2025-09-20 03:04:32 UTC (2025-09-19 20:04:32 PT) - Requesting ALL historical spawning data through 09/20/2025 for all of our FINS facilities
[INFO] 2025-09-20 03:04:46 UTC (2025-09-19 20:04:46 PT) - Downloaded 2768 rows of data
[INFO] 2025-09-20 03:04:46 UTC (2025-09-19 20:04:46 PT) - Columns: Verify, Finalize, Follow-Up, Session Date, Moved From Facility, Spawning Location, Spawning Location Is Offsite, Spawning Offsite Owner Facility, Spawning Offsite Location Latitude, Spawning Offsite Location Longitude, Spawning Offsite Location Description, Spawning Session Name, Is Import, Is Group Session, Import Custom, Spawning Session Lot #, Cross ID, Spawn ID, Sex, Origin, Origin Expression, Origin Description, Origin Start Date, Origin End Date, Origin Creator, Origin Creation Date, Spawning Ratio, Stock, Stock Agency, Stock Facility, Stock Description, Session Progeny, Brood Year, Spawning Session Comments, Species, Run, Egg Weight(g), Estimated Egg Count, Edit Spawn Cross Notes, Immediate Container, Times Used, Length, Age Calculated, Age Criteria Start Length, Age Criteria End Length, Age Criteria End Date, Age Criteria Start Date, Age Designation, Spawn Status, Living State, Why Not Spawned, Moved From, Moved From Is Offsite, Offsite Moved From Owner Facility, Offsite Moved From Latitude, Offsite Moved From Longitude, Offsite Moved From Location Description, Source Trap Facility, Source Trap, Moved To, Moved To Is Offsite, Offsite Moved To Owner Facility, Offsite Moved To Latitude, Offsite Moved To Longitude, Offsite Moved To Location Description, Moved To Facility, Release Site, Release Site Latitude, Release Site Longitude, Disposition, Purpose, Existing Marks, Existing Marks Quantity, Applied Marks, Applied Marks Quantity, Existing Tags, Applied Tags, Existing CWT, Existing CWT Value, Applied CWT, Applied CWT Value, Existing PIT, Applied PIT, GEN Sample, Samples, Conditions, Notes
[INFO] 2025-09-20 03:04:46 UTC (2025-09-19 20:04:46 PT) - Successfully saved file: data/SpawningData.csv - Size: 2097415 bytes
[INFO] 2025-09-20 03:04:46 UTC (2025-09-19 20:04:46 PT) - Data summary:
[INFO] 2025-09-20 03:04:46 UTC (2025-09-19 20:04:46 PT) -   Date range: 08/12/2020 to 09/16/2025
[INFO] 2025-09-20 03:04:46 UTC (2025-09-19 20:04:46 PT) -   Total records: 2768
[INFO] 2025-09-20 03:04:46 UTC (2025-09-19 20:04:46 PT) - Download completed successfully
[INFO] 2025-09-21 03:16:37 UTC (2025-09-20 20:16:37 PT) - Starting nightly FINS spawning data download
[INFO] 2025-09-21 03:16:37 UTC (2025-09-20 20:16:37 PT) - API key found
[INFO] 2025-09-21 03:16:37 UTC (2025-09-20 20:16:37 PT) - Current PT time: 2025-09-20 20:16:37
[INFO] 2025-09-21 03:16:37 UTC (2025-09-20 20:16:37 PT) - Requesting ALL historical spawning data through 09/21/2025 for all of our FINS facilities
[INFO] 2025-09-21 03:16:51 UTC (2025-09-20 20:16:51 PT) - Downloaded 2768 rows of data
[INFO] 2025-09-21 03:16:51 UTC (2025-09-20 20:16:51 PT) - Columns: Verify, Finalize, Follow-Up, Session Date, Moved From Facility, Spawning Location, Spawning Location Is Offsite, Spawning Offsite Owner Facility, Spawning Offsite Location Latitude, Spawning Offsite Location Longitude, Spawning Offsite Location Description, Spawning Session Name, Is Import, Is Group Session, Import Custom, Spawning Session Lot #, Cross ID, Spawn ID, Sex, Origin, Origin Expression, Origin Description, Origin Start Date, Origin End Date, Origin Creator, Origin Creation Date, Spawning Ratio, Stock, Stock Agency, Stock Facility, Stock Description, Session Progeny, Brood Year, Spawning Session Comments, Species, Run, Egg Weight(g), Estimated Egg Count, Edit Spawn Cross Notes, Immediate Container, Times Used, Length, Age Calculated, Age Criteria Start Length, Age Criteria End Length, Age Criteria End Date, Age Criteria Start Date, Age Designation, Spawn Status, Living State, Why Not Spawned, Moved From, Moved From Is Offsite, Offsite Moved From Owner Facility, Offsite Moved From Latitude, Offsite Moved From Longitude, Offsite Moved From Location Description, Source Trap Facility, Source Trap, Moved To, Moved To Is Offsite, Offsite Moved To Owner Facility, Offsite Moved To Latitude, Offsite Moved To Longitude, Offsite Moved To Location Description, Moved To Facility, Release Site, Release Site Latitude, Release Site Longitude, Disposition, Purpose, Existing Marks, Existing Marks Quantity, Applied Marks, Applied Marks Quantity, Existing Tags, Applied Tags, Existing CWT, Existing CWT Value, Applied CWT, Applied CWT Value, Existing PIT, Applied PIT, GEN Sample, Samples, Conditions, Notes
[INFO] 2025-09-21 03:16:51 UTC (2025-09-20 20:16:51 PT) - Successfully saved file: data/SpawningData.csv - Size: 2097415 bytes
[INFO] 2025-09-21 03:16:51 UTC (2025-09-20 20:16:51 PT) - Data summary:
[INFO] 2025-09-21 03:16:51 UTC (2025-09-20 20:16:51 PT) -   Date range: 08/12/2020 to 09/16/2025
[INFO] 2025-09-21 03:16:51 UTC (2025-09-20 20:16:51 PT) -   Total records: 2768
[INFO] 2025-09-21 03:16:51 UTC (2025-09-20 20:16:51 PT) - Download completed successfully
[INFO] 2025-09-22 03:16:28 UTC (2025-09-21 20:16:28 PT) - Starting nightly FINS spawning data download
[INFO] 2025-09-22 03:16:28 UTC (2025-09-21 20:16:28 PT) - API key found
[INFO] 2025-09-22 03:16:28 UTC (2025-09-21 20:16:28 PT) - Current PT time: 2025-09-21 20:16:28
[INFO] 2025-09-22 03:16:28 UTC (2025-09-21 20:16:28 PT) - Requesting ALL historical spawning data through 09/22/2025 for all of our FINS facilities
[INFO] 2025-09-22 03:16:39 UTC (2025-09-21 20:16:39 PT) - Downloaded 2768 rows of data
[INFO] 2025-09-22 03:16:39 UTC (2025-09-21 20:16:39 PT) - Columns: Verify, Finalize, Follow-Up, Session Date, Moved From Facility, Spawning Location, Spawning Location Is Offsite, Spawning Offsite Owner Facility, Spawning Offsite Location Latitude, Spawning Offsite Location Longitude, Spawning Offsite Location Description, Spawning Session Name, Is Import, Is Group Session, Import Custom, Spawning Session Lot #, Cross ID, Spawn ID, Sex, Origin, Origin Expression, Origin Description, Origin Start Date, Origin End Date, Origin Creator, Origin Creation Date, Spawning Ratio, Stock, Stock Agency, Stock Facility, Stock Description, Session Progeny, Brood Year, Spawning Session Comments, Species, Run, Egg Weight(g), Estimated Egg Count, Edit Spawn Cross Notes, Immediate Container, Times Used, Length, Age Calculated, Age Criteria Start Length, Age Criteria End Length, Age Criteria End Date, Age Criteria Start Date, Age Designation, Spawn Status, Living State, Why Not Spawned, Moved From, Moved From Is Offsite, Offsite Moved From Owner Facility, Offsite Moved From Latitude, Offsite Moved From Longitude, Offsite Moved From Location Description, Source Trap Facility, Source Trap, Moved To, Moved To Is Offsite, Offsite Moved To Owner Facility, Offsite Moved To Latitude, Offsite Moved To Longitude, Offsite Moved To Location Description, Moved To Facility, Release Site, Release Site Latitude, Release Site Longitude, Disposition, Purpose, Existing Marks, Existing Marks Quantity, Applied Marks, Applied Marks Quantity, Existing Tags, Applied Tags, Existing CWT, Existing CWT Value, Applied CWT, Applied CWT Value, Existing PIT, Applied PIT, GEN Sample, Samples, Conditions, Notes
[INFO] 2025-09-22 03:16:39 UTC (2025-09-21 20:16:39 PT) - Successfully saved file: data/SpawningData.csv - Size: 2097415 bytes
[INFO] 2025-09-22 03:16:39 UTC (2025-09-21 20:16:39 PT) - Data summary:
[INFO] 2025-09-22 03:16:39 UTC (2025-09-21 20:16:39 PT) -   Date range: 08/12/2020 to 09/16/2025
[INFO] 2025-09-22 03:16:39 UTC (2025-09-21 20:16:39 PT) -   Total records: 2768
[INFO] 2025-09-22 03:16:39 UTC (2025-09-21 20:16:39 PT) - Download completed successfully
[INFO] 2025-09-23 03:08:00 UTC (2025-09-22 20:08:00 PT) - Starting nightly FINS spawning data download
[INFO] 2025-09-23 03:08:00 UTC (2025-09-22 20:08:00 PT) - API key found
[INFO] 2025-09-23 03:08:00 UTC (2025-09-22 20:08:00 PT) - Current PT time: 2025-09-22 20:08:00
[INFO] 2025-09-23 03:08:00 UTC (2025-09-22 20:08:00 PT) - Requesting ALL historical spawning data through 09/23/2025 for all of our FINS facilities
[INFO] 2025-09-23 03:08:12 UTC (2025-09-22 20:08:12 PT) - Downloaded 2768 rows of data
[INFO] 2025-09-23 03:08:12 UTC (2025-09-22 20:08:12 PT) - Columns: Verify, Finalize, Follow-Up, Session Date, Moved From Facility, Spawning Location, Spawning Location Is Offsite, Spawning Offsite Owner Facility, Spawning Offsite Location Latitude, Spawning Offsite Location Longitude, Spawning Offsite Location Description, Spawning Session Name, Is Import, Is Group Session, Import Custom, Spawning Session Lot #, Cross ID, Spawn ID, Sex, Origin, Origin Expression, Origin Description, Origin Start Date, Origin End Date, Origin Creator, Origin Creation Date, Spawning Ratio, Stock, Stock Agency, Stock Facility, Stock Description, Session Progeny, Brood Year, Spawning Session Comments, Species, Run, Egg Weight(g), Estimated Egg Count, Edit Spawn Cross Notes, Immediate Container, Times Used, Length, Age Calculated, Age Criteria Start Length, Age Criteria End Length, Age Criteria End Date, Age Criteria Start Date, Age Designation, Spawn Status, Living State, Why Not Spawned, Moved From, Moved From Is Offsite, Offsite Moved From Owner Facility, Offsite Moved From Latitude, Offsite Moved From Longitude, Offsite Moved From Location Description, Source Trap Facility, Source Trap, Moved To, Moved To Is Offsite, Offsite Moved To Owner Facility, Offsite Moved To Latitude, Offsite Moved To Longitude, Offsite Moved To Location Description, Moved To Facility, Release Site, Release Site Latitude, Release Site Longitude, Disposition, Purpose, Existing Marks, Existing Marks Quantity, Applied Marks, Applied Marks Quantity, Existing Tags, Applied Tags, Existing CWT, Existing CWT Value, Applied CWT, Applied CWT Value, Existing PIT, Applied PIT, GEN Sample, Samples, Conditions, Notes
[INFO] 2025-09-23 03:08:12 UTC (2025-09-22 20:08:12 PT) - Successfully saved file: data/SpawningData.csv - Size: 2097473 bytes
[INFO] 2025-09-23 03:08:12 UTC (2025-09-22 20:08:12 PT) - Data summary:
[INFO] 2025-09-23 03:08:12 UTC (2025-09-22 20:08:12 PT) -   Date range: 08/12/2020 to 09/16/2025
[INFO] 2025-09-23 03:08:12 UTC (2025-09-22 20:08:12 PT) -   Total records: 2768
[INFO] 2025-09-23 03:08:12 UTC (2025-09-22 20:08:12 PT) - Download completed successfully
[INFO] 2025-09-24 03:09:32 UTC (2025-09-23 20:09:32 PT) - Starting nightly FINS spawning data download
[INFO] 2025-09-24 03:09:32 UTC (2025-09-23 20:09:32 PT) - API key found
[INFO] 2025-09-24 03:09:32 UTC (2025-09-23 20:09:32 PT) - Current PT time: 2025-09-23 20:09:32
[INFO] 2025-09-24 03:09:32 UTC (2025-09-23 20:09:32 PT) - Requesting ALL historical spawning data through 09/24/2025 for all of our FINS facilities
[INFO] 2025-09-24 03:09:44 UTC (2025-09-23 20:09:44 PT) - Downloaded 2768 rows of data
[INFO] 2025-09-24 03:09:44 UTC (2025-09-23 20:09:44 PT) - Columns: Verify, Finalize, Follow-Up, Session Date, Moved From Facility, Spawning Location, Spawning Location Is Offsite, Spawning Offsite Owner Facility, Spawning Offsite Location Latitude, Spawning Offsite Location Longitude, Spawning Offsite Location Description, Spawning Session Name, Is Import, Is Group Session, Import Custom, Spawning Session Lot #, Cross ID, Spawn ID, Sex, Origin, Origin Expression, Origin Description, Origin Start Date, Origin End Date, Origin Creator, Origin Creation Date, Spawning Ratio, Stock, Stock Agency, Stock Facility, Stock Description, Session Progeny, Brood Year, Spawning Session Comments, Species, Run, Egg Weight(g), Estimated Egg Count, Edit Spawn Cross Notes, Immediate Container, Times Used, Length, Age Calculated, Age Criteria Start Length, Age Criteria End Length, Age Criteria End Date, Age Criteria Start Date, Age Designation, Spawn Status, Living State, Why Not Spawned, Moved From, Moved From Is Offsite, Offsite Moved From Owner Facility, Offsite Moved From Latitude, Offsite Moved From Longitude, Offsite Moved From Location Description, Source Trap Facility, Source Trap, Moved To, Moved To Is Offsite, Offsite Moved To Owner Facility, Offsite Moved To Latitude, Offsite Moved To Longitude, Offsite Moved To Location Description, Moved To Facility, Release Site, Release Site Latitude, Release Site Longitude, Disposition, Purpose, Existing Marks, Existing Marks Quantity, Applied Marks, Applied Marks Quantity, Existing Tags, Applied Tags, Existing CWT, Existing CWT Value, Applied CWT, Applied CWT Value, Existing PIT, Applied PIT, GEN Sample, Samples, Conditions, Notes
[INFO] 2025-09-24 03:09:44 UTC (2025-09-23 20:09:44 PT) - Successfully saved file: data/SpawningData.csv - Size: 2097824 bytes
[INFO] 2025-09-24 03:09:44 UTC (2025-09-23 20:09:44 PT) - Data summary:
[INFO] 2025-09-24 03:09:44 UTC (2025-09-23 20:09:44 PT) -   Date range: 08/12/2020 to 09/16/2025
[INFO] 2025-09-24 03:09:44 UTC (2025-09-23 20:09:44 PT) -   Total records: 2768
[INFO] 2025-09-24 03:09:44 UTC (2025-09-23 20:09:44 PT) - Download completed successfully
[INFO] 2025-09-25 03:11:42 UTC (2025-09-24 20:11:42 PT) - Starting nightly FINS spawning data download
[INFO] 2025-09-25 03:11:42 UTC (2025-09-24 20:11:42 PT) - API key found
[INFO] 2025-09-25 03:11:42 UTC (2025-09-24 20:11:42 PT) - Current PT time: 2025-09-24 20:11:42
[INFO] 2025-09-25 03:11:42 UTC (2025-09-24 20:11:42 PT) - Requesting ALL historical spawning data through 09/25/2025 for all of our FINS facilities
[INFO] 2025-09-25 03:11:55 UTC (2025-09-24 20:11:55 PT) - Downloaded 2769 rows of data
[INFO] 2025-09-25 03:11:55 UTC (2025-09-24 20:11:55 PT) - Columns: Verify, Finalize, Follow-Up, Session Date, Moved From Facility, Spawning Location, Spawning Location Is Offsite, Spawning Offsite Owner Facility, Spawning Offsite Location Latitude, Spawning Offsite Location Longitude, Spawning Offsite Location Description, Spawning Session Name, Is Import, Is Group Session, Import Custom, Spawning Session Lot #, Cross ID, Spawn ID, Sex, Origin, Origin Expression, Origin Description, Origin Start Date, Origin End Date, Origin Creator, Origin Creation Date, Spawning Ratio, Stock, Stock Agency, Stock Facility, Stock Description, Session Progeny, Brood Year, Spawning Session Comments, Species, Run, Egg Weight(g), Estimated Egg Count, Edit Spawn Cross Notes, Immediate Container, Times Used, Length, Age Calculated, Age Criteria Start Length, Age Criteria End Length, Age Criteria End Date, Age Criteria Start Date, Age Designation, Spawn Status, Living State, Why Not Spawned, Moved From, Moved From Is Offsite, Offsite Moved From Owner Facility, Offsite Moved From Latitude, Offsite Moved From Longitude, Offsite Moved From Location Description, Source Trap Facility, Source Trap, Moved To, Moved To Is Offsite, Offsite Moved To Owner Facility, Offsite Moved To Latitude, Offsite Moved To Longitude, Offsite Moved To Location Description, Moved To Facility, Release Site, Release Site Latitude, Release Site Longitude, Disposition, Purpose, Existing Marks, Existing Marks Quantity, Applied Marks, Applied Marks Quantity, Existing Tags, Applied Tags, Existing CWT, Existing CWT Value, Applied CWT, Applied CWT Value, Existing PIT, Applied PIT, GEN Sample, Samples, Conditions, Notes
[INFO] 2025-09-25 03:11:55 UTC (2025-09-24 20:11:55 PT) - Successfully saved file: data/SpawningData.csv - Size: 2099776 bytes
[INFO] 2025-09-25 03:11:55 UTC (2025-09-24 20:11:55 PT) - Data summary:
[INFO] 2025-09-25 03:11:55 UTC (2025-09-24 20:11:55 PT) -   Date range: 08/12/2020 to 09/16/2025
[INFO] 2025-09-25 03:11:55 UTC (2025-09-24 20:11:55 PT) -   Total records: 2769
[INFO] 2025-09-25 03:11:55 UTC (2025-09-24 20:11:55 PT) - Download completed successfully
[INFO] 2025-09-26 03:09:49 UTC (2025-09-25 20:09:49 PT) - Starting nightly FINS spawning data download
[INFO] 2025-09-26 03:09:49 UTC (2025-09-25 20:09:49 PT) - API key found
[INFO] 2025-09-26 03:09:49 UTC (2025-09-25 20:09:49 PT) - Current PT time: 2025-09-25 20:09:49
[INFO] 2025-09-26 03:09:49 UTC (2025-09-25 20:09:49 PT) - Requesting ALL historical spawning data through 09/26/2025 for all of our FINS facilities
[INFO] 2025-09-26 03:10:01 UTC (2025-09-25 20:10:01 PT) - Downloaded 2769 rows of data
[INFO] 2025-09-26 03:10:01 UTC (2025-09-25 20:10:01 PT) - Columns: Verify, Finalize, Follow-Up, Session Date, Moved From Facility, Spawning Location, Spawning Location Is Offsite, Spawning Offsite Owner Facility, Spawning Offsite Location Latitude, Spawning Offsite Location Longitude, Spawning Offsite Location Description, Spawning Session Name, Is Import, Is Group Session, Import Custom, Spawning Session Lot #, Cross ID, Spawn ID, Sex, Origin, Origin Expression, Origin Description, Origin Start Date, Origin End Date, Origin Creator, Origin Creation Date, Spawning Ratio, Stock, Stock Agency, Stock Facility, Stock Description, Session Progeny, Brood Year, Spawning Session Comments, Species, Run, Egg Weight(g), Estimated Egg Count, Edit Spawn Cross Notes, Immediate Container, Times Used, Length, Age Calculated, Age Criteria Start Length, Age Criteria End Length, Age Criteria End Date, Age Criteria Start Date, Age Designation, Spawn Status, Living State, Why Not Spawned, Moved From, Moved From Is Offsite, Offsite Moved From Owner Facility, Offsite Moved From Latitude, Offsite Moved From Longitude, Offsite Moved From Location Description, Source Trap Facility, Source Trap, Moved To, Moved To Is Offsite, Offsite Moved To Owner Facility, Offsite Moved To Latitude, Offsite Moved To Longitude, Offsite Moved To Location Description, Moved To Facility, Release Site, Release Site Latitude, Release Site Longitude, Disposition, Purpose, Existing Marks, Existing Marks Quantity, Applied Marks, Applied Marks Quantity, Existing Tags, Applied Tags, Existing CWT, Existing CWT Value, Applied CWT, Applied CWT Value, Existing PIT, Applied PIT, GEN Sample, Samples, Conditions, Notes
[INFO] 2025-09-26 03:10:01 UTC (2025-09-25 20:10:01 PT) - Successfully saved file: data/SpawningData.csv - Size: 2102982 bytes
[INFO] 2025-09-26 03:10:01 UTC (2025-09-25 20:10:01 PT) - Data summary:
[INFO] 2025-09-26 03:10:01 UTC (2025-09-25 20:10:01 PT) -   Date range: 08/12/2020 to 09/16/2025
[INFO] 2025-09-26 03:10:01 UTC (2025-09-25 20:10:01 PT) -   Total records: 2769
[INFO] 2025-09-26 03:10:01 UTC (2025-09-25 20:10:01 PT) - Download completed successfully
[INFO] 2025-09-27 03:04:36 UTC (2025-09-26 20:04:36 PT) - Starting nightly FINS spawning data download
[INFO] 2025-09-27 03:04:36 UTC (2025-09-26 20:04:36 PT) - API key found
[INFO] 2025-09-27 03:04:36 UTC (2025-09-26 20:04:36 PT) - Current PT time: 2025-09-26 20:04:36
[INFO] 2025-09-27 03:04:36 UTC (2025-09-26 20:04:36 PT) - Requesting ALL historical spawning data through 09/27/2025 for all of our FINS facilities
[INFO] 2025-09-27 03:04:49 UTC (2025-09-26 20:04:49 PT) - Downloaded 2749 rows of data
[INFO] 2025-09-27 03:04:49 UTC (2025-09-26 20:04:49 PT) - Columns: Verify, Finalize, Follow-Up, Session Date, Moved From Facility, Spawning Location, Spawning Location Is Offsite, Spawning Offsite Owner Facility, Spawning Offsite Location Latitude, Spawning Offsite Location Longitude, Spawning Offsite Location Description, Spawning Session Name, Is Import, Is Group Session, Import Custom, Spawning Session Lot #, Cross ID, Spawn ID, Sex, Origin, Origin Expression, Origin Description, Origin Start Date, Origin End Date, Origin Creator, Origin Creation Date, Spawning Ratio, Stock, Stock Agency, Stock Facility, Stock Description, Session Progeny, Brood Year, Spawning Session Comments, Species, Run, Egg Weight(g), Estimated Egg Count, Edit Spawn Cross Notes, Immediate Container, Times Used, Length, Age Calculated, Age Criteria Start Length, Age Criteria End Length, Age Criteria End Date, Age Criteria Start Date, Age Designation, Spawn Status, Living State, Why Not Spawned, Moved From, Moved From Is Offsite, Offsite Moved From Owner Facility, Offsite Moved From Latitude, Offsite Moved From Longitude, Offsite Moved From Location Description, Source Trap Facility, Source Trap, Moved To, Moved To Is Offsite, Offsite Moved To Owner Facility, Offsite Moved To Latitude, Offsite Moved To Longitude, Offsite Moved To Location Description, Moved To Facility, Release Site, Release Site Latitude, Release Site Longitude, Disposition, Purpose, Existing Marks, Existing Marks Quantity, Applied Marks, Applied Marks Quantity, Existing Tags, Applied Tags, Existing CWT, Existing CWT Value, Applied CWT, Applied CWT Value, Existing PIT, Applied PIT, GEN Sample, Samples, Conditions, Notes
[INFO] 2025-09-27 03:04:49 UTC (2025-09-26 20:04:49 PT) - Successfully saved file: data/SpawningData.csv - Size: 2089547 bytes
[INFO] 2025-09-27 03:04:49 UTC (2025-09-26 20:04:49 PT) - Data summary:
[INFO] 2025-09-27 03:04:49 UTC (2025-09-26 20:04:49 PT) -   Date range: 08/12/2020 to 09/16/2025
[INFO] 2025-09-27 03:04:49 UTC (2025-09-26 20:04:49 PT) -   Total records: 2749
[INFO] 2025-09-27 03:04:49 UTC (2025-09-26 20:04:49 PT) - Download completed successfully
[INFO] 2025-09-28 03:17:15 UTC (2025-09-27 20:17:15 PT) - Starting nightly FINS spawning data download
[INFO] 2025-09-28 03:17:15 UTC (2025-09-27 20:17:15 PT) - API key found
[INFO] 2025-09-28 03:17:15 UTC (2025-09-27 20:17:15 PT) - Current PT time: 2025-09-27 20:17:15
[INFO] 2025-09-28 03:17:15 UTC (2025-09-27 20:17:15 PT) - Requesting ALL historical spawning data through 09/28/2025 for all of our FINS facilities
[INFO] 2025-09-28 03:17:27 UTC (2025-09-27 20:17:27 PT) - Downloaded 2749 rows of data
[INFO] 2025-09-28 03:17:27 UTC (2025-09-27 20:17:27 PT) - Columns: Verify, Finalize, Follow-Up, Session Date, Moved From Facility, Spawning Location, Spawning Location Is Offsite, Spawning Offsite Owner Facility, Spawning Offsite Location Latitude, Spawning Offsite Location Longitude, Spawning Offsite Location Description, Spawning Session Name, Is Import, Is Group Session, Import Custom, Spawning Session Lot #, Cross ID, Spawn ID, Sex, Origin, Origin Expression, Origin Description, Origin Start Date, Origin End Date, Origin Creator, Origin Creation Date, Spawning Ratio, Stock, Stock Agency, Stock Facility, Stock Description, Session Progeny, Brood Year, Spawning Session Comments, Species, Run, Egg Weight(g), Estimated Egg Count, Edit Spawn Cross Notes, Immediate Container, Times Used, Length, Age Calculated, Age Criteria Start Length, Age Criteria End Length, Age Criteria End Date, Age Criteria Start Date, Age Designation, Spawn Status, Living State, Why Not Spawned, Moved From, Moved From Is Offsite, Offsite Moved From Owner Facility, Offsite Moved From Latitude, Offsite Moved From Longitude, Offsite Moved From Location Description, Source Trap Facility, Source Trap, Moved To, Moved To Is Offsite, Offsite Moved To Owner Facility, Offsite Moved To Latitude, Offsite Moved To Longitude, Offsite Moved To Location Description, Moved To Facility, Release Site, Release Site Latitude, Release Site Longitude, Disposition, Purpose, Existing Marks, Existing Marks Quantity, Applied Marks, Applied Marks Quantity, Existing Tags, Applied Tags, Existing CWT, Existing CWT Value, Applied CWT, Applied CWT Value, Existing PIT, Applied PIT, GEN Sample, Samples, Conditions, Notes
[INFO] 2025-09-28 03:17:27 UTC (2025-09-27 20:17:27 PT) - Successfully saved file: data/SpawningData.csv - Size: 2089547 bytes
[INFO] 2025-09-28 03:17:27 UTC (2025-09-27 20:17:27 PT) - Data summary:
[INFO] 2025-09-28 03:17:27 UTC (2025-09-27 20:17:27 PT) -   Date range: 08/12/2020 to 09/16/2025
[INFO] 2025-09-28 03:17:27 UTC (2025-09-27 20:17:27 PT) -   Total records: 2749
[INFO] 2025-09-28 03:17:27 UTC (2025-09-27 20:17:27 PT) - Download completed successfully
[INFO] 2025-09-29 03:22:34 UTC (2025-09-28 20:22:34 PT) - Starting nightly FINS spawning data download
[INFO] 2025-09-29 03:22:34 UTC (2025-09-28 20:22:34 PT) - API key found
[INFO] 2025-09-29 03:22:34 UTC (2025-09-28 20:22:34 PT) - Current PT time: 2025-09-28 20:22:34
[INFO] 2025-09-29 03:22:34 UTC (2025-09-28 20:22:34 PT) - Requesting ALL historical spawning data through 09/29/2025 for all of our FINS facilities
[INFO] 2025-09-29 03:22:49 UTC (2025-09-28 20:22:49 PT) - Downloaded 2749 rows of data
[INFO] 2025-09-29 03:22:49 UTC (2025-09-28 20:22:49 PT) - Columns: Verify, Finalize, Follow-Up, Session Date, Moved From Facility, Spawning Location, Spawning Location Is Offsite, Spawning Offsite Owner Facility, Spawning Offsite Location Latitude, Spawning Offsite Location Longitude, Spawning Offsite Location Description, Spawning Session Name, Is Import, Is Group Session, Import Custom, Spawning Session Lot #, Cross ID, Spawn ID, Sex, Origin, Origin Expression, Origin Description, Origin Start Date, Origin End Date, Origin Creator, Origin Creation Date, Spawning Ratio, Stock, Stock Agency, Stock Facility, Stock Description, Session Progeny, Brood Year, Spawning Session Comments, Species, Run, Egg Weight(g), Estimated Egg Count, Edit Spawn Cross Notes, Immediate Container, Times Used, Length, Age Calculated, Age Criteria Start Length, Age Criteria End Length, Age Criteria End Date, Age Criteria Start Date, Age Designation, Spawn Status, Living State, Why Not Spawned, Moved From, Moved From Is Offsite, Offsite Moved From Owner Facility, Offsite Moved From Latitude, Offsite Moved From Longitude, Offsite Moved From Location Description, Source Trap Facility, Source Trap, Moved To, Moved To Is Offsite, Offsite Moved To Owner Facility, Offsite Moved To Latitude, Offsite Moved To Longitude, Offsite Moved To Location Description, Moved To Facility, Release Site, Release Site Latitude, Release Site Longitude, Disposition, Purpose, Existing Marks, Existing Marks Quantity, Applied Marks, Applied Marks Quantity, Existing Tags, Applied Tags, Existing CWT, Existing CWT Value, Applied CWT, Applied CWT Value, Existing PIT, Applied PIT, GEN Sample, Samples, Conditions, Notes
[INFO] 2025-09-29 03:22:49 UTC (2025-09-28 20:22:49 PT) - Successfully saved file: data/SpawningData.csv - Size: 2089547 bytes
[INFO] 2025-09-29 03:22:49 UTC (2025-09-28 20:22:49 PT) - Data summary:
[INFO] 2025-09-29 03:22:49 UTC (2025-09-28 20:22:49 PT) -   Date range: 08/12/2020 to 09/16/2025
[INFO] 2025-09-29 03:22:49 UTC (2025-09-28 20:22:49 PT) -   Total records: 2749
[INFO] 2025-09-29 03:22:49 UTC (2025-09-28 20:22:49 PT) - Download completed successfully
[INFO] 2025-09-30 03:07:27 UTC (2025-09-29 20:07:27 PT) - Starting nightly FINS spawning data download
[INFO] 2025-09-30 03:07:27 UTC (2025-09-29 20:07:27 PT) - API key found
[INFO] 2025-09-30 03:07:27 UTC (2025-09-29 20:07:27 PT) - Current PT time: 2025-09-29 20:07:27
[INFO] 2025-09-30 03:07:27 UTC (2025-09-29 20:07:27 PT) - Requesting ALL historical spawning data through 09/30/2025 for all of our FINS facilities
[INFO] 2025-09-30 03:07:39 UTC (2025-09-29 20:07:39 PT) - Downloaded 2749 rows of data
[INFO] 2025-09-30 03:07:39 UTC (2025-09-29 20:07:39 PT) - Columns: Verify, Finalize, Follow-Up, Session Date, Moved From Facility, Spawning Location, Spawning Location Is Offsite, Spawning Offsite Owner Facility, Spawning Offsite Location Latitude, Spawning Offsite Location Longitude, Spawning Offsite Location Description, Spawning Session Name, Is Import, Is Group Session, Import Custom, Spawning Session Lot #, Cross ID, Spawn ID, Sex, Origin, Origin Expression, Origin Description, Origin Start Date, Origin End Date, Origin Creator, Origin Creation Date, Spawning Ratio, Stock, Stock Agency, Stock Facility, Stock Description, Session Progeny, Brood Year, Spawning Session Comments, Species, Run, Egg Weight(g), Estimated Egg Count, Edit Spawn Cross Notes, Immediate Container, Times Used, Length, Age Calculated, Age Criteria Start Length, Age Criteria End Length, Age Criteria End Date, Age Criteria Start Date, Age Designation, Spawn Status, Living State, Why Not Spawned, Moved From, Moved From Is Offsite, Offsite Moved From Owner Facility, Offsite Moved From Latitude, Offsite Moved From Longitude, Offsite Moved From Location Description, Source Trap Facility, Source Trap, Moved To, Moved To Is Offsite, Offsite Moved To Owner Facility, Offsite Moved To Latitude, Offsite Moved To Longitude, Offsite Moved To Location Description, Moved To Facility, Release Site, Release Site Latitude, Release Site Longitude, Disposition, Purpose, Existing Marks, Existing Marks Quantity, Applied Marks, Applied Marks Quantity, Existing Tags, Applied Tags, Existing CWT, Existing CWT Value, Applied CWT, Applied CWT Value, Existing PIT, Applied PIT, GEN Sample, Samples, Conditions, Notes
[INFO] 2025-09-30 03:07:39 UTC (2025-09-29 20:07:39 PT) - Successfully saved file: data/SpawningData.csv - Size: 2089547 bytes
[INFO] 2025-09-30 03:07:39 UTC (2025-09-29 20:07:39 PT) - Data summary:
[INFO] 2025-09-30 03:07:39 UTC (2025-09-29 20:07:39 PT) -   Date range: 08/12/2020 to 09/16/2025
[INFO] 2025-09-30 03:07:39 UTC (2025-09-29 20:07:39 PT) -   Total records: 2749
[INFO] 2025-09-30 03:07:39 UTC (2025-09-29 20:07:39 PT) - Download completed successfully
[INFO] 2025-10-01 03:22:33 UTC (2025-09-30 20:22:33 PT) - Starting nightly FINS spawning data download
[INFO] 2025-10-01 03:22:33 UTC (2025-09-30 20:22:33 PT) - API key found
[INFO] 2025-10-01 03:22:33 UTC (2025-09-30 20:22:33 PT) - Current PT time: 2025-09-30 20:22:33
[INFO] 2025-10-01 03:22:33 UTC (2025-09-30 20:22:33 PT) - Requesting ALL historical spawning data through 10/01/2025 for all of our FINS facilities
[INFO] 2025-10-01 03:22:46 UTC (2025-09-30 20:22:46 PT) - Downloaded 2750 rows of data
[INFO] 2025-10-01 03:22:46 UTC (2025-09-30 20:22:46 PT) - Columns: Verify, Finalize, Follow-Up, Session Date, Moved From Facility, Spawning Location, Spawning Location Is Offsite, Spawning Offsite Owner Facility, Spawning Offsite Location Latitude, Spawning Offsite Location Longitude, Spawning Offsite Location Description, Spawning Session Name, Is Import, Is Group Session, Import Custom, Spawning Session Lot #, Cross ID, Spawn ID, Sex, Origin, Origin Expression, Origin Description, Origin Start Date, Origin End Date, Origin Creator, Origin Creation Date, Spawning Ratio, Stock, Stock Agency, Stock Facility, Stock Description, Session Progeny, Brood Year, Spawning Session Comments, Species, Run, Egg Weight(g), Estimated Egg Count, Edit Spawn Cross Notes, Immediate Container, Times Used, Length, Age Calculated, Age Criteria Start Length, Age Criteria End Length, Age Criteria End Date, Age Criteria Start Date, Age Designation, Spawn Status, Living State, Why Not Spawned, Moved From, Moved From Is Offsite, Offsite Moved From Owner Facility, Offsite Moved From Latitude, Offsite Moved From Longitude, Offsite Moved From Location Description, Source Trap Facility, Source Trap, Moved To, Moved To Is Offsite, Offsite Moved To Owner Facility, Offsite Moved To Latitude, Offsite Moved To Longitude, Offsite Moved To Location Description, Moved To Facility, Release Site, Release Site Latitude, Release Site Longitude, Disposition, Purpose, Existing Marks, Existing Marks Quantity, Applied Marks, Applied Marks Quantity, Existing Tags, Applied Tags, Existing CWT, Existing CWT Value, Applied CWT, Applied CWT Value, Existing PIT, Applied PIT, GEN Sample, Samples, Conditions, Notes
[INFO] 2025-10-01 03:22:46 UTC (2025-09-30 20:22:46 PT) - Successfully saved file: data/SpawningData.csv - Size: 2092717 bytes
[INFO] 2025-10-01 03:22:46 UTC (2025-09-30 20:22:46 PT) - Data summary:
[INFO] 2025-10-01 03:22:46 UTC (2025-09-30 20:22:46 PT) -   Date range: 08/12/2020 to 09/16/2025
[INFO] 2025-10-01 03:22:46 UTC (2025-09-30 20:22:46 PT) -   Total records: 2750
[INFO] 2025-10-01 03:22:46 UTC (2025-09-30 20:22:46 PT) - Download completed successfully
[INFO] 2025-10-02 03:07:27 UTC (2025-10-01 20:07:27 PT) - Starting nightly FINS spawning data download
[INFO] 2025-10-02 03:07:27 UTC (2025-10-01 20:07:27 PT) - API key found
[INFO] 2025-10-02 03:07:27 UTC (2025-10-01 20:07:27 PT) - Current PT time: 2025-10-01 20:07:27
[INFO] 2025-10-02 03:07:27 UTC (2025-10-01 20:07:27 PT) - Requesting ALL historical spawning data through 10/02/2025 for all of our FINS facilities
[INFO] 2025-10-02 03:07:44 UTC (2025-10-01 20:07:44 PT) - Downloaded 2750 rows of data
[INFO] 2025-10-02 03:07:44 UTC (2025-10-01 20:07:44 PT) - Columns: Verify, Finalize, Follow-Up, Session Date, Moved From Facility, Spawning Location, Spawning Location Is Offsite, Spawning Offsite Owner Facility, Spawning Offsite Location Latitude, Spawning Offsite Location Longitude, Spawning Offsite Location Description, Spawning Session Name, Is Import, Is Group Session, Import Custom, Spawning Session Lot #, Cross ID, Spawn ID, Sex, Origin, Origin Expression, Origin Description, Origin Start Date, Origin End Date, Origin Creator, Origin Creation Date, Spawning Ratio, Stock, Stock Agency, Stock Facility, Stock Description, Session Progeny, Brood Year, Spawning Session Comments, Species, Run, Egg Weight(g), Estimated Egg Count, Edit Spawn Cross Notes, Immediate Container, Times Used, Length, Age Calculated, Age Criteria Start Length, Age Criteria End Length, Age Criteria End Date, Age Criteria Start Date, Age Designation, Spawn Status, Living State, Why Not Spawned, Moved From, Moved From Is Offsite, Offsite Moved From Owner Facility, Offsite Moved From Latitude, Offsite Moved From Longitude, Offsite Moved From Location Description, Source Trap Facility, Source Trap, Moved To, Moved To Is Offsite, Offsite Moved To Owner Facility, Offsite Moved To Latitude, Offsite Moved To Longitude, Offsite Moved To Location Description, Moved To Facility, Release Site, Release Site Latitude, Release Site Longitude, Disposition, Purpose, Existing Marks, Existing Marks Quantity, Applied Marks, Applied Marks Quantity, Existing Tags, Applied Tags, Existing CWT, Existing CWT Value, Applied CWT, Applied CWT Value, Existing PIT, Applied PIT, GEN Sample, Samples, Conditions, Notes
[INFO] 2025-10-02 03:07:44 UTC (2025-10-01 20:07:44 PT) - Successfully saved file: data/SpawningData.csv - Size: 2092717 bytes
[INFO] 2025-10-02 03:07:44 UTC (2025-10-01 20:07:44 PT) - Data summary:
[INFO] 2025-10-02 03:07:44 UTC (2025-10-01 20:07:44 PT) -   Date range: 08/12/2020 to 09/16/2025
[INFO] 2025-10-02 03:07:44 UTC (2025-10-01 20:07:44 PT) -   Total records: 2750
[INFO] 2025-10-02 03:07:44 UTC (2025-10-01 20:07:44 PT) - Download completed successfully
[INFO] 2025-10-03 03:04:19 UTC (2025-10-02 20:04:19 PT) - Starting nightly FINS spawning data download
[INFO] 2025-10-03 03:04:19 UTC (2025-10-02 20:04:19 PT) - API key found
[INFO] 2025-10-03 03:04:19 UTC (2025-10-02 20:04:19 PT) - Current PT time: 2025-10-02 20:04:19
[INFO] 2025-10-03 03:04:19 UTC (2025-10-02 20:04:19 PT) - Requesting ALL historical spawning data through 10/03/2025 for all of our FINS facilities
[INFO] 2025-10-03 03:04:32 UTC (2025-10-02 20:04:32 PT) - Downloaded 2750 rows of data
[INFO] 2025-10-03 03:04:32 UTC (2025-10-02 20:04:32 PT) - Columns: Verify, Finalize, Follow-Up, Session Date, Moved From Facility, Spawning Location, Spawning Location Is Offsite, Spawning Offsite Owner Facility, Spawning Offsite Location Latitude, Spawning Offsite Location Longitude, Spawning Offsite Location Description, Spawning Session Name, Is Import, Is Group Session, Import Custom, Spawning Session Lot #, Cross ID, Spawn ID, Sex, Origin, Origin Expression, Origin Description, Origin Start Date, Origin End Date, Origin Creator, Origin Creation Date, Spawning Ratio, Stock, Stock Agency, Stock Facility, Stock Description, Session Progeny, Brood Year, Spawning Session Comments, Species, Run, Egg Weight(g), Estimated Egg Count, Edit Spawn Cross Notes, Immediate Container, Times Used, Length, Age Calculated, Age Criteria Start Length, Age Criteria End Length, Age Criteria End Date, Age Criteria Start Date, Age Designation, Spawn Status, Living State, Why Not Spawned, Moved From, Moved From Is Offsite, Offsite Moved From Owner Facility, Offsite Moved From Latitude, Offsite Moved From Longitude, Offsite Moved From Location Description, Source Trap Facility, Source Trap, Moved To, Moved To Is Offsite, Offsite Moved To Owner Facility, Offsite Moved To Latitude, Offsite Moved To Longitude, Offsite Moved To Location Description, Moved To Facility, Release Site, Release Site Latitude, Release Site Longitude, Disposition, Purpose, Existing Marks, Existing Marks Quantity, Applied Marks, Applied Marks Quantity, Existing Tags, Applied Tags, Existing CWT, Existing CWT Value, Applied CWT, Applied CWT Value, Existing PIT, Applied PIT, GEN Sample, Samples, Conditions, Notes
[INFO] 2025-10-03 03:04:32 UTC (2025-10-02 20:04:32 PT) - Successfully saved file: data/SpawningData.csv - Size: 2093608 bytes
[INFO] 2025-10-03 03:04:32 UTC (2025-10-02 20:04:32 PT) - Data summary:
[INFO] 2025-10-03 03:04:32 UTC (2025-10-02 20:04:32 PT) -   Date range: 08/12/2020 to 09/16/2025
[INFO] 2025-10-03 03:04:32 UTC (2025-10-02 20:04:32 PT) -   Total records: 2750
[INFO] 2025-10-03 03:04:32 UTC (2025-10-02 20:04:32 PT) - Download completed successfully
[INFO] 2025-10-04 02:59:58 UTC (2025-10-03 19:59:58 PT) - Starting nightly FINS spawning data download
[INFO] 2025-10-04 02:59:58 UTC (2025-10-03 19:59:58 PT) - API key found
[INFO] 2025-10-04 02:59:58 UTC (2025-10-03 19:59:58 PT) - Current PT time: 2025-10-03 19:59:58
[INFO] 2025-10-04 02:59:58 UTC (2025-10-03 19:59:58 PT) - Requesting ALL historical spawning data through 10/04/2025 for all of our FINS facilities
[INFO] 2025-10-04 03:00:11 UTC (2025-10-03 20:00:11 PT) - Downloaded 2751 rows of data
[INFO] 2025-10-04 03:00:11 UTC (2025-10-03 20:00:11 PT) - Columns: Verify, Finalize, Follow-Up, Session Date, Moved From Facility, Spawning Location, Spawning Location Is Offsite, Spawning Offsite Owner Facility, Spawning Offsite Location Latitude, Spawning Offsite Location Longitude, Spawning Offsite Location Description, Spawning Session Name, Is Import, Is Group Session, Import Custom, Spawning Session Lot #, Cross ID, Spawn ID, Sex, Origin, Origin Expression, Origin Description, Origin Start Date, Origin End Date, Origin Creator, Origin Creation Date, Spawning Ratio, Stock, Stock Agency, Stock Facility, Stock Description, Session Progeny, Brood Year, Spawning Session Comments, Species, Run, Egg Weight(g), Estimated Egg Count, Edit Spawn Cross Notes, Immediate Container, Times Used, Length, Age Calculated, Age Criteria Start Length, Age Criteria End Length, Age Criteria End Date, Age Criteria Start Date, Age Designation, Spawn Status, Living State, Why Not Spawned, Moved From, Moved From Is Offsite, Offsite Moved From Owner Facility, Offsite Moved From Latitude, Offsite Moved From Longitude, Offsite Moved From Location Description, Source Trap Facility, Source Trap, Moved To, Moved To Is Offsite, Offsite Moved To Owner Facility, Offsite Moved To Latitude, Offsite Moved To Longitude, Offsite Moved To Location Description, Moved To Facility, Release Site, Release Site Latitude, Release Site Longitude, Disposition, Purpose, Existing Marks, Existing Marks Quantity, Applied Marks, Applied Marks Quantity, Existing Tags, Applied Tags, Existing CWT, Existing CWT Value, Applied CWT, Applied CWT Value, Existing PIT, Applied PIT, GEN Sample, Samples, Conditions, Notes
[INFO] 2025-10-04 03:00:11 UTC (2025-10-03 20:00:11 PT) - Successfully saved file: data/SpawningData.csv - Size: 2095963 bytes
[INFO] 2025-10-04 03:00:11 UTC (2025-10-03 20:00:11 PT) - Data summary:
[INFO] 2025-10-04 03:00:11 UTC (2025-10-03 20:00:11 PT) -   Date range: 08/12/2020 to 09/16/2025
[INFO] 2025-10-04 03:00:11 UTC (2025-10-03 20:00:11 PT) -   Total records: 2751
[INFO] 2025-10-04 03:00:11 UTC (2025-10-03 20:00:11 PT) - Download completed successfully
[INFO] 2025-10-05 03:16:49 UTC (2025-10-04 20:16:49 PT) - Starting nightly FINS spawning data download
[INFO] 2025-10-05 03:16:49 UTC (2025-10-04 20:16:49 PT) - API key found
[INFO] 2025-10-05 03:16:49 UTC (2025-10-04 20:16:49 PT) - Current PT time: 2025-10-04 20:16:49
[INFO] 2025-10-05 03:16:49 UTC (2025-10-04 20:16:49 PT) - Requesting ALL historical spawning data through 10/05/2025 for all of our FINS facilities
[INFO] 2025-10-05 03:17:03 UTC (2025-10-04 20:17:03 PT) - Downloaded 2751 rows of data
[INFO] 2025-10-05 03:17:03 UTC (2025-10-04 20:17:03 PT) - Columns: Verify, Finalize, Follow-Up, Session Date, Moved From Facility, Spawning Location, Spawning Location Is Offsite, Spawning Offsite Owner Facility, Spawning Offsite Location Latitude, Spawning Offsite Location Longitude, Spawning Offsite Location Description, Spawning Session Name, Is Import, Is Group Session, Import Custom, Spawning Session Lot #, Cross ID, Spawn ID, Sex, Origin, Origin Expression, Origin Description, Origin Start Date, Origin End Date, Origin Creator, Origin Creation Date, Spawning Ratio, Stock, Stock Agency, Stock Facility, Stock Description, Session Progeny, Brood Year, Spawning Session Comments, Species, Run, Egg Weight(g), Estimated Egg Count, Edit Spawn Cross Notes, Immediate Container, Times Used, Length, Age Calculated, Age Criteria Start Length, Age Criteria End Length, Age Criteria End Date, Age Criteria Start Date, Age Designation, Spawn Status, Living State, Why Not Spawned, Moved From, Moved From Is Offsite, Offsite Moved From Owner Facility, Offsite Moved From Latitude, Offsite Moved From Longitude, Offsite Moved From Location Description, Source Trap Facility, Source Trap, Moved To, Moved To Is Offsite, Offsite Moved To Owner Facility, Offsite Moved To Latitude, Offsite Moved To Longitude, Offsite Moved To Location Description, Moved To Facility, Release Site, Release Site Latitude, Release Site Longitude, Disposition, Purpose, Existing Marks, Existing Marks Quantity, Applied Marks, Applied Marks Quantity, Existing Tags, Applied Tags, Existing CWT, Existing CWT Value, Applied CWT, Applied CWT Value, Existing PIT, Applied PIT, GEN Sample, Samples, Conditions, Notes
[INFO] 2025-10-05 03:17:03 UTC (2025-10-04 20:17:03 PT) - Successfully saved file: data/SpawningData.csv - Size: 2095963 bytes
[INFO] 2025-10-05 03:17:03 UTC (2025-10-04 20:17:03 PT) - Data summary:
[INFO] 2025-10-05 03:17:03 UTC (2025-10-04 20:17:03 PT) -   Date range: 08/12/2020 to 09/16/2025
[INFO] 2025-10-05 03:17:03 UTC (2025-10-04 20:17:03 PT) -   Total records: 2751
[INFO] 2025-10-05 03:17:03 UTC (2025-10-04 20:17:03 PT) - Download completed successfully
[INFO] 2025-10-06 03:12:11 UTC (2025-10-05 20:12:11 PT) - Starting nightly FINS spawning data download
[INFO] 2025-10-06 03:12:11 UTC (2025-10-05 20:12:11 PT) - API key found
[INFO] 2025-10-06 03:12:11 UTC (2025-10-05 20:12:11 PT) - Current PT time: 2025-10-05 20:12:11
[INFO] 2025-10-06 03:12:11 UTC (2025-10-05 20:12:11 PT) - Requesting ALL historical spawning data through 10/06/2025 for all of our FINS facilities
[INFO] 2025-10-06 03:12:23 UTC (2025-10-05 20:12:23 PT) - Downloaded 2751 rows of data
[INFO] 2025-10-06 03:12:23 UTC (2025-10-05 20:12:23 PT) - Columns: Verify, Finalize, Follow-Up, Session Date, Moved From Facility, Spawning Location, Spawning Location Is Offsite, Spawning Offsite Owner Facility, Spawning Offsite Location Latitude, Spawning Offsite Location Longitude, Spawning Offsite Location Description, Spawning Session Name, Is Import, Is Group Session, Import Custom, Spawning Session Lot #, Cross ID, Spawn ID, Sex, Origin, Origin Expression, Origin Description, Origin Start Date, Origin End Date, Origin Creator, Origin Creation Date, Spawning Ratio, Stock, Stock Agency, Stock Facility, Stock Description, Session Progeny, Brood Year, Spawning Session Comments, Species, Run, Egg Weight(g), Estimated Egg Count, Edit Spawn Cross Notes, Immediate Container, Times Used, Length, Age Calculated, Age Criteria Start Length, Age Criteria End Length, Age Criteria End Date, Age Criteria Start Date, Age Designation, Spawn Status, Living State, Why Not Spawned, Moved From, Moved From Is Offsite, Offsite Moved From Owner Facility, Offsite Moved From Latitude, Offsite Moved From Longitude, Offsite Moved From Location Description, Source Trap Facility, Source Trap, Moved To, Moved To Is Offsite, Offsite Moved To Owner Facility, Offsite Moved To Latitude, Offsite Moved To Longitude, Offsite Moved To Location Description, Moved To Facility, Release Site, Release Site Latitude, Release Site Longitude, Disposition, Purpose, Existing Marks, Existing Marks Quantity, Applied Marks, Applied Marks Quantity, Existing Tags, Applied Tags, Existing CWT, Existing CWT Value, Applied CWT, Applied CWT Value, Existing PIT, Applied PIT, GEN Sample, Samples, Conditions, Notes
[INFO] 2025-10-06 03:12:23 UTC (2025-10-05 20:12:23 PT) - Successfully saved file: data/SpawningData.csv - Size: 2095963 bytes
[INFO] 2025-10-06 03:12:23 UTC (2025-10-05 20:12:23 PT) - Data summary:
[INFO] 2025-10-06 03:12:23 UTC (2025-10-05 20:12:23 PT) -   Date range: 08/12/2020 to 09/16/2025
[INFO] 2025-10-06 03:12:23 UTC (2025-10-05 20:12:23 PT) -   Total records: 2751
[INFO] 2025-10-06 03:12:23 UTC (2025-10-05 20:12:23 PT) - Download completed successfully
[INFO] 2025-10-07 03:05:43 UTC (2025-10-06 20:05:43 PT) - Starting nightly FINS spawning data download
[INFO] 2025-10-07 03:05:43 UTC (2025-10-06 20:05:43 PT) - API key found
[INFO] 2025-10-07 03:05:43 UTC (2025-10-06 20:05:43 PT) - Current PT time: 2025-10-06 20:05:43
[INFO] 2025-10-07 03:05:43 UTC (2025-10-06 20:05:43 PT) - Requesting ALL historical spawning data through 10/07/2025 for all of our FINS facilities
[INFO] 2025-10-07 03:05:56 UTC (2025-10-06 20:05:56 PT) - Downloaded 2751 rows of data
[INFO] 2025-10-07 03:05:56 UTC (2025-10-06 20:05:56 PT) - Columns: Verify, Finalize, Follow-Up, Session Date, Moved From Facility, Spawning Location, Spawning Location Is Offsite, Spawning Offsite Owner Facility, Spawning Offsite Location Latitude, Spawning Offsite Location Longitude, Spawning Offsite Location Description, Spawning Session Name, Is Import, Is Group Session, Import Custom, Spawning Session Lot #, Cross ID, Spawn ID, Sex, Origin, Origin Expression, Origin Description, Origin Start Date, Origin End Date, Origin Creator, Origin Creation Date, Spawning Ratio, Stock, Stock Agency, Stock Facility, Stock Description, Session Progeny, Brood Year, Spawning Session Comments, Species, Run, Egg Weight(g), Estimated Egg Count, Edit Spawn Cross Notes, Immediate Container, Times Used, Length, Age Calculated, Age Criteria Start Length, Age Criteria End Length, Age Criteria End Date, Age Criteria Start Date, Age Designation, Spawn Status, Living State, Why Not Spawned, Moved From, Moved From Is Offsite, Offsite Moved From Owner Facility, Offsite Moved From Latitude, Offsite Moved From Longitude, Offsite Moved From Location Description, Source Trap Facility, Source Trap, Moved To, Moved To Is Offsite, Offsite Moved To Owner Facility, Offsite Moved To Latitude, Offsite Moved To Longitude, Offsite Moved To Location Description, Moved To Facility, Release Site, Release Site Latitude, Release Site Longitude, Disposition, Purpose, Existing Marks, Existing Marks Quantity, Applied Marks, Applied Marks Quantity, Existing Tags, Applied Tags, Existing CWT, Existing CWT Value, Applied CWT, Applied CWT Value, Existing PIT, Applied PIT, GEN Sample, Samples, Conditions, Notes
[INFO] 2025-10-07 03:05:57 UTC (2025-10-06 20:05:57 PT) - Successfully saved file: data/SpawningData.csv - Size: 2095963 bytes
[INFO] 2025-10-07 03:05:57 UTC (2025-10-06 20:05:57 PT) - Data summary:
[INFO] 2025-10-07 03:05:57 UTC (2025-10-06 20:05:57 PT) -   Date range: 08/12/2020 to 09/16/2025
[INFO] 2025-10-07 03:05:57 UTC (2025-10-06 20:05:57 PT) -   Total records: 2751
[INFO] 2025-10-07 03:05:57 UTC (2025-10-06 20:05:57 PT) - Download completed successfully
[INFO] 2025-10-08 03:10:40 UTC (2025-10-07 20:10:40 PT) - Starting nightly FINS spawning data download
[INFO] 2025-10-08 03:10:40 UTC (2025-10-07 20:10:40 PT) - API key found
[INFO] 2025-10-08 03:10:40 UTC (2025-10-07 20:10:40 PT) - Current PT time: 2025-10-07 20:10:40
[INFO] 2025-10-08 03:10:40 UTC (2025-10-07 20:10:40 PT) - Requesting ALL historical spawning data through 10/08/2025 for all of our FINS facilities
[INFO] 2025-10-08 03:10:52 UTC (2025-10-07 20:10:52 PT) - Downloaded 2752 rows of data
[INFO] 2025-10-08 03:10:52 UTC (2025-10-07 20:10:52 PT) - Columns: Verify, Finalize, Follow-Up, Session Date, Moved From Facility, Spawning Location, Spawning Location Is Offsite, Spawning Offsite Owner Facility, Spawning Offsite Location Latitude, Spawning Offsite Location Longitude, Spawning Offsite Location Description, Spawning Session Name, Is Import, Is Group Session, Import Custom, Spawning Session Lot #, Cross ID, Spawn ID, Sex, Origin, Origin Expression, Origin Description, Origin Start Date, Origin End Date, Origin Creator, Origin Creation Date, Spawning Ratio, Stock, Stock Agency, Stock Facility, Stock Description, Session Progeny, Brood Year, Spawning Session Comments, Species, Run, Egg Weight(g), Estimated Egg Count, Edit Spawn Cross Notes, Immediate Container, Times Used, Length, Age Calculated, Age Criteria Start Length, Age Criteria End Length, Age Criteria End Date, Age Criteria Start Date, Age Designation, Spawn Status, Living State, Why Not Spawned, Moved From, Moved From Is Offsite, Offsite Moved From Owner Facility, Offsite Moved From Latitude, Offsite Moved From Longitude, Offsite Moved From Location Description, Source Trap Facility, Source Trap, Moved To, Moved To Is Offsite, Offsite Moved To Owner Facility, Offsite Moved To Latitude, Offsite Moved To Longitude, Offsite Moved To Location Description, Moved To Facility, Release Site, Release Site Latitude, Release Site Longitude, Disposition, Purpose, Existing Marks, Existing Marks Quantity, Applied Marks, Applied Marks Quantity, Existing Tags, Applied Tags, Existing CWT, Existing CWT Value, Applied CWT, Applied CWT Value, Existing PIT, Applied PIT, GEN Sample, Samples, Conditions, Notes
[INFO] 2025-10-08 03:10:52 UTC (2025-10-07 20:10:52 PT) - Successfully saved file: data/SpawningData.csv - Size: 2098395 bytes
[INFO] 2025-10-08 03:10:52 UTC (2025-10-07 20:10:52 PT) - Data summary:
[INFO] 2025-10-08 03:10:52 UTC (2025-10-07 20:10:52 PT) -   Date range: 08/12/2020 to 09/16/2025
[INFO] 2025-10-08 03:10:52 UTC (2025-10-07 20:10:52 PT) -   Total records: 2752
[INFO] 2025-10-08 03:10:52 UTC (2025-10-07 20:10:52 PT) - Download completed successfully
[INFO] 2025-10-09 03:10:15 UTC (2025-10-08 20:10:15 PT) - Starting nightly FINS spawning data download
[INFO] 2025-10-09 03:10:15 UTC (2025-10-08 20:10:15 PT) - API key found
[INFO] 2025-10-09 03:10:15 UTC (2025-10-08 20:10:15 PT) - Current PT time: 2025-10-08 20:10:15
[INFO] 2025-10-09 03:10:15 UTC (2025-10-08 20:10:15 PT) - Requesting ALL historical spawning data through 10/09/2025 for all of our FINS facilities
[INFO] 2025-10-09 03:10:26 UTC (2025-10-08 20:10:26 PT) - Downloaded 2752 rows of data
[INFO] 2025-10-09 03:10:26 UTC (2025-10-08 20:10:26 PT) - Columns: Verify, Finalize, Follow-Up, Session Date, Moved From Facility, Spawning Location, Spawning Location Is Offsite, Spawning Offsite Owner Facility, Spawning Offsite Location Latitude, Spawning Offsite Location Longitude, Spawning Offsite Location Description, Spawning Session Name, Is Import, Is Group Session, Import Custom, Spawning Session Lot #, Cross ID, Spawn ID, Sex, Origin, Origin Expression, Origin Description, Origin Start Date, Origin End Date, Origin Creator, Origin Creation Date, Spawning Ratio, Stock, Stock Agency, Stock Facility, Stock Description, Session Progeny, Brood Year, Spawning Session Comments, Species, Run, Egg Weight(g), Estimated Egg Count, Edit Spawn Cross Notes, Immediate Container, Times Used, Length, Age Calculated, Age Criteria Start Length, Age Criteria End Length, Age Criteria End Date, Age Criteria Start Date, Age Designation, Spawn Status, Living State, Why Not Spawned, Moved From, Moved From Is Offsite, Offsite Moved From Owner Facility, Offsite Moved From Latitude, Offsite Moved From Longitude, Offsite Moved From Location Description, Source Trap Facility, Source Trap, Moved To, Moved To Is Offsite, Offsite Moved To Owner Facility, Offsite Moved To Latitude, Offsite Moved To Longitude, Offsite Moved To Location Description, Moved To Facility, Release Site, Release Site Latitude, Release Site Longitude, Disposition, Purpose, Existing Marks, Existing Marks Quantity, Applied Marks, Applied Marks Quantity, Existing Tags, Applied Tags, Existing CWT, Existing CWT Value, Applied CWT, Applied CWT Value, Existing PIT, Applied PIT, GEN Sample, Samples, Conditions, Notes
[INFO] 2025-10-09 03:10:26 UTC (2025-10-08 20:10:26 PT) - Successfully saved file: data/SpawningData.csv - Size: 2098395 bytes
[INFO] 2025-10-09 03:10:26 UTC (2025-10-08 20:10:26 PT) - Data summary:
[INFO] 2025-10-09 03:10:26 UTC (2025-10-08 20:10:26 PT) -   Date range: 08/12/2020 to 09/16/2025
[INFO] 2025-10-09 03:10:26 UTC (2025-10-08 20:10:26 PT) -   Total records: 2752
[INFO] 2025-10-09 03:10:26 UTC (2025-10-08 20:10:26 PT) - Download completed successfully
[INFO] 2025-10-10 03:10:42 UTC (2025-10-09 20:10:42 PT) - Starting nightly FINS spawning data download
[INFO] 2025-10-10 03:10:42 UTC (2025-10-09 20:10:42 PT) - API key found
[INFO] 2025-10-10 03:10:42 UTC (2025-10-09 20:10:42 PT) - Current PT time: 2025-10-09 20:10:42
[INFO] 2025-10-10 03:10:42 UTC (2025-10-09 20:10:42 PT) - Requesting ALL historical spawning data through 10/10/2025 for all of our FINS facilities
[INFO] 2025-10-10 03:10:57 UTC (2025-10-09 20:10:57 PT) - Downloaded 2752 rows of data
[INFO] 2025-10-10 03:10:57 UTC (2025-10-09 20:10:57 PT) - Columns: Verify, Finalize, Follow-Up, Session Date, Moved From Facility, Spawning Location, Spawning Location Is Offsite, Spawning Offsite Owner Facility, Spawning Offsite Location Latitude, Spawning Offsite Location Longitude, Spawning Offsite Location Description, Spawning Session Name, Is Import, Is Group Session, Import Custom, Spawning Session Lot #, Cross ID, Spawn ID, Sex, Origin, Origin Expression, Origin Description, Origin Start Date, Origin End Date, Origin Creator, Origin Creation Date, Spawning Ratio, Stock, Stock Agency, Stock Facility, Stock Description, Session Progeny, Brood Year, Spawning Session Comments, Species, Run, Egg Weight(g), Estimated Egg Count, Edit Spawn Cross Notes, Immediate Container, Times Used, Length, Age Calculated, Age Criteria Start Length, Age Criteria End Length, Age Criteria End Date, Age Criteria Start Date, Age Designation, Spawn Status, Living State, Why Not Spawned, Moved From, Moved From Is Offsite, Offsite Moved From Owner Facility, Offsite Moved From Latitude, Offsite Moved From Longitude, Offsite Moved From Location Description, Source Trap Facility, Source Trap, Moved To, Moved To Is Offsite, Offsite Moved To Owner Facility, Offsite Moved To Latitude, Offsite Moved To Longitude, Offsite Moved To Location Description, Moved To Facility, Release Site, Release Site Latitude, Release Site Longitude, Disposition, Purpose, Existing Marks, Existing Marks Quantity, Applied Marks, Applied Marks Quantity, Existing Tags, Applied Tags, Existing CWT, Existing CWT Value, Applied CWT, Applied CWT Value, Existing PIT, Applied PIT, GEN Sample, Samples, Conditions, Notes
[INFO] 2025-10-10 03:10:57 UTC (2025-10-09 20:10:57 PT) - Successfully saved file: data/SpawningData.csv - Size: 2098420 bytes
[INFO] 2025-10-10 03:10:57 UTC (2025-10-09 20:10:57 PT) - Data summary:
[INFO] 2025-10-10 03:10:57 UTC (2025-10-09 20:10:57 PT) -   Date range: 08/12/2020 to 09/16/2025
[INFO] 2025-10-10 03:10:57 UTC (2025-10-09 20:10:57 PT) -   Total records: 2752
[INFO] 2025-10-10 03:10:57 UTC (2025-10-09 20:10:57 PT) - Download completed successfully
[INFO] 2025-10-11 03:03:29 UTC (2025-10-10 20:03:29 PT) - Starting nightly FINS spawning data download
[INFO] 2025-10-11 03:03:29 UTC (2025-10-10 20:03:29 PT) - API key found
[INFO] 2025-10-11 03:03:29 UTC (2025-10-10 20:03:29 PT) - Current PT time: 2025-10-10 20:03:29
[INFO] 2025-10-11 03:03:29 UTC (2025-10-10 20:03:29 PT) - Requesting ALL historical spawning data through 10/11/2025 for all of our FINS facilities
[INFO] 2025-10-11 03:03:46 UTC (2025-10-10 20:03:46 PT) - Downloaded 2752 rows of data
[INFO] 2025-10-11 03:03:46 UTC (2025-10-10 20:03:46 PT) - Columns: Verify, Finalize, Follow-Up, Session Date, Moved From Facility, Spawning Location, Spawning Location Is Offsite, Spawning Offsite Owner Facility, Spawning Offsite Location Latitude, Spawning Offsite Location Longitude, Spawning Offsite Location Description, Spawning Session Name, Is Import, Is Group Session, Import Custom, Spawning Session Lot #, Cross ID, Spawn ID, Sex, Origin, Origin Expression, Origin Description, Origin Start Date, Origin End Date, Origin Creator, Origin Creation Date, Spawning Ratio, Stock, Stock Agency, Stock Facility, Stock Description, Session Progeny, Brood Year, Spawning Session Comments, Species, Run, Egg Weight(g), Estimated Egg Count, Edit Spawn Cross Notes, Immediate Container, Times Used, Length, Age Calculated, Age Criteria Start Length, Age Criteria End Length, Age Criteria End Date, Age Criteria Start Date, Age Designation, Spawn Status, Living State, Why Not Spawned, Moved From, Moved From Is Offsite, Offsite Moved From Owner Facility, Offsite Moved From Latitude, Offsite Moved From Longitude, Offsite Moved From Location Description, Source Trap Facility, Source Trap, Moved To, Moved To Is Offsite, Offsite Moved To Owner Facility, Offsite Moved To Latitude, Offsite Moved To Longitude, Offsite Moved To Location Description, Moved To Facility, Release Site, Release Site Latitude, Release Site Longitude, Disposition, Purpose, Existing Marks, Existing Marks Quantity, Applied Marks, Applied Marks Quantity, Existing Tags, Applied Tags, Existing CWT, Existing CWT Value, Applied CWT, Applied CWT Value, Existing PIT, Applied PIT, GEN Sample, Samples, Conditions, Notes
[INFO] 2025-10-11 03:03:46 UTC (2025-10-10 20:03:46 PT) - Successfully saved file: data/SpawningData.csv - Size: 2098420 bytes
[INFO] 2025-10-11 03:03:46 UTC (2025-10-10 20:03:46 PT) - Data summary:
[INFO] 2025-10-11 03:03:46 UTC (2025-10-10 20:03:46 PT) -   Date range: 08/12/2020 to 09/16/2025
[INFO] 2025-10-11 03:03:46 UTC (2025-10-10 20:03:46 PT) -   Total records: 2752
[INFO] 2025-10-11 03:03:46 UTC (2025-10-10 20:03:46 PT) - Download completed successfully
